,觀測時間(hour),測站氣壓(hPa),海平面氣壓(hPa),氣溫(℃),露點溫度(℃),相對溼度(%),風速(m/s),風向(360degree),最大陣風(m/s),最大陣風風向(360degree),降水量(mm),降水時數(hr),日照時數(hr),全天空日射量(MJ/㎡),能見度(km),紫外線指數,總雲量(0~10)
2016-01-01 01:00:00,01,1021.7,1024.9,15.1,10.8,75,3.8,10,6.6,10,0.0,0.0,...,0.00,...,...,...
2016-01-01 02:00:00,02,1021.5,1024.7,15.0,10.8,76,2.4,20,6.5,360,0.0,0.0,...,0.00,...,...,...
2016-01-01 03:00:00,03,1021.0,1024.2,14.9,10.7,76,3.7,10,6.8,350,0.0,0.0,...,0.00,...,...,...
2016-01-01 04:00:00,04,1021.1,1024.3,14.9,10.9,77,3.9,10,7.2,10,0.0,0.0,...,0.00,...,...,...
2016-01-01 05:00:00,05,1021.0,1024.2,14.9,11.1,78,3.7,360,8.3,360,0.0,0.0,...,0.00,...,...,...
2016-01-01 06:00:00,06,1021.4,1024.6,14.8,11.3,80,3.0,10,6.8,20,0.0,0.0,0.0,0.00,...,...,...
2016-01-01 07:00:00,07,1022.1,1025.3,14.6,11.4,81,2.9,20,5.7,20,0.0,0.0,0.0,0.00,...,...,...
2016-01-01 08:00:00,08,1022.7,1025.9,15.8,12.1,79,3.0,10,5.1,360,0.0,0.0,0.7,0.30,10.0,...,6.0
2016-01-01 09:00:00,09,1023.2,1026.4,18.3,13.1,72,2.5,350,6.5,30,0.0,0.0,1.0,0.89,12.0,...,5.0
2016-01-01 10:00:00,10,1023.0,1026.2,19.2,13.3,69,5.5,350,8.1,350,0.0,0.0,1.0,1.52,...,...,...
2016-01-01 11:00:00,11,1022.5,1025.7,20.1,14.4,70,5.1,350,9.8,360,0.0,0.0,1.0,1.32,12.0,...,6.0
2016-01-01 12:00:00,12,1021.5,1024.7,20.5,15.2,72,8.2,360,14.0,360,0.0,0.0,1.0,2.30,...,...,...
2016-01-01 13:00:00,13,1020.5,1023.7,21.2,16.0,72,8.0,350,14.3,350,0.0,0.0,1.0,2.21,...,...,...
2016-01-01 14:00:00,14,1019.9,1023.1,20.4,15.9,75,9.7,360,15.3,360,0.0,0.0,1.0,2.00,12.0,...,5.0
2016-01-01 15:00:00,15,1019.8,1023.0,20.6,16.2,76,7.3,340,14.9,350,0.0,0.0,1.0,1.65,...,...,...
2016-01-01 16:00:00,16,1020.1,1023.3,19.5,15.7,79,9.0,350,15.7,340,0.0,0.0,1.0,0.97,...,...,...
2016-01-01 17:00:00,17,1020.3,1023.5,18.7,15.2,80,8.8,350,15.5,350,0.0,0.0,0.5,0.29,10.0,...,7.0
2016-01-01 18:00:00,18,1020.9,1024.1,18.6,15.5,82,7.1,350,15.1,350,0.0,0.0,0.0,0.00,...,...,...
2016-01-01 19:00:00,19,1021.2,1024.4,18.4,15.3,82,7.9,350,15.6,20,0.0,0.0,0.0,0.00,...,...,...
2016-01-01 20:00:00,20,1022.0,1025.2,18.5,15.6,83,8.0,350,15.3,350,0.0,0.0,...,0.00,8.0,...,9.0
2016-01-01 21:00:00,21,1022.1,1025.3,18.4,15.7,84,6.5,360,13.4,350,0.0,0.0,...,0.00,8.0,...,10.0
2016-01-01 22:00:00,22,1022.2,1025.4,18.3,15.7,85,5.0,360,13.4,10,0.0,0.0,...,0.00,...,...,...
2016-01-01 23:00:00,23,1022.0,1025.2,18.4,15.8,85,5.3,360,11.6,350,0.0,0.0,...,0.00,...,...,...
2016-01-02 00:00:00,24,1021.8,1025.0,18.3,15.8,85,4.6,350,10.7,360,0.0,0.0,...,0.00,...,...,...
2016-01-02 01:00:00,01,1021.5,1024.7,18.3,15.7,85,4.8,360,9.3,350,0.0,0.0,...,0.00,...,...,...
2016-01-02 02:00:00,02,1020.5,1023.7,18.2,15.6,85,5.0,360,10.4,360,0.0,0.0,...,0.00,...,...,...
2016-01-02 03:00:00,03,1019.7,1022.9,18.0,15.5,85,4.1,360,9.1,50,0.0,0.0,...,0.00,...,...,...
2016-01-02 04:00:00,04,1019.3,1022.5,18.0,15.4,85,4.1,360,8.7,40,0.0,0.0,...,0.00,...,...,...
2016-01-02 05:00:00,05,1019.4,1022.6,17.9,15.4,85,3.4,360,7.1,20,0.0,0.0,...,0.00,...,...,...
2016-01-02 06:00:00,06,1019.4,1022.6,17.8,15.4,86,3.0,10,7.3,20,0.0,0.0,0.0,0.00,...,...,...
2016-01-02 07:00:00,07,1020.2,1023.4,17.8,15.0,84,3.0,10,7.5,20,0.0,0.0,0.0,0.00,...,...,...
2016-01-02 08:00:00,08,1020.4,1023.6,18.4,15.3,82,4.2,20,9.5,20,0.0,0.0,0.1,0.08,8.0,...,8.0
2016-01-02 09:00:00,09,1020.4,1023.6,19.5,15.5,78,4.2,360,11.1,20,0.0,0.0,0.3,0.78,8.0,...,8.0
2016-01-02 10:00:00,10,1020.6,1023.8,19.9,15.7,77,6.8,340,10.5,350,0.0,0.0,0.1,1.15,...,...,...
2016-01-02 11:00:00,11,1020.2,1023.4,20.4,16.0,76,6.8,350,11.0,360,0.0,0.0,0.3,1.52,8.0,...,9.0
2016-01-02 12:00:00,12,1019.4,1022.6,20.2,16.0,77,7.0,350,12.4,350,0.0,0.0,0.1,1.42,...,...,...
2016-01-02 13:00:00,13,1018.4,1021.6,20.5,16.4,77,5.2,350,9.3,340,0.0,0.0,0.0,1.31,...,...,...
2016-01-02 14:00:00,14,1018.2,1021.4,19.9,16.4,80,4.3,340,8.0,350,0.0,0.0,0.0,1.00,8.0,...,10.0
2016-01-02 15:00:00,15,1018.3,1021.5,19.2,16.5,84,4.5,350,7.8,10,0.0,0.0,0.0,0.48,...,...,...
2016-01-02 16:00:00,16,1017.5,1020.7,18.4,16.8,90,3.6,360,7.1,350,0.4,0.5,0.0,0.00,...,...,...
2016-01-02 17:00:00,17,1017.4,1020.6,18.7,17.1,90,2.8,340,5.8,360,0.0,0.0,0.0,0.00,4.0,...,10.0
2016-01-02 18:00:00,18,1017.8,1021.0,18.6,16.9,90,4.2,350,7.7,360,0.0,0.0,0.0,0.00,...,...,...
2016-01-02 19:00:00,19,1018.1,1021.3,18.5,16.9,90,4.3,350,7.6,360,0.2,0.3,0.0,0.00,...,...,...
2016-01-02 20:00:00,20,1018.8,1022.0,18.5,16.9,90,1.9,360,5.5,340,T,0.5,...,0.00,8.0,...,10.0
2016-01-02 21:00:00,21,1019.0,1022.2,18.5,17.1,92,3.1,350,5.1,360,0.0,0.0,...,0.00,8.0,...,10.0
2016-01-02 22:00:00,22,1019.9,1023.1,18.4,17.2,93,1.0,330,3.6,350,T,0.3,...,0.00,...,...,...
2016-01-02 23:00:00,23,1019.5,1022.7,18.1,16.9,93,1.4,20,2.8,350,T,0.3,...,0.00,...,...,...
2016-01-03 00:00:00,24,1019.1,1022.3,17.9,16.8,93,1.1,30,3.3,30,T,0.1,...,0.00,...,...,...
2016-01-03 01:00:00,01,1017.9,1021.1,17.8,16.7,93,1.3,40,2.7,90,1.5,0.8,...,0.00,...,...,...
2016-01-03 02:00:00,02,1017.9,1021.1,18.0,16.9,93,3.3,340,5.4,350,0.0,0.0,...,0.00,...,...,...
2016-01-03 03:00:00,03,1017.2,1020.4,18.0,17.0,94,2.3,10,4.8,350,0.0,0.0,...,0.00,...,...,...
2016-01-03 04:00:00,04,1016.7,1019.9,18.0,17.1,94,2.8,350,4.1,350,0.0,0.0,...,0.00,...,...,...
2016-01-03 05:00:00,05,1016.5,1019.7,17.8,16.9,94,2.2,20,4.5,360,0.5,0.8,...,0.00,...,...,...
2016-01-03 06:00:00,06,1017.6,1020.8,17.9,16.9,94,2.8,360,5.5,10,1.5,1.0,0.0,0.00,...,...,...
2016-01-03 07:00:00,07,1017.7,1020.9,17.8,16.9,94,2.9,360,5.7,10,4.0,1.0,0.0,0.00,...,...,...
2016-01-03 08:00:00,08,1018.4,1021.6,18.0,17.1,94,2.3,20,5.5,360,0.5,1.0,0.0,0.00,2.5,...,10.0
2016-01-03 09:00:00,09,1018.7,1021.9,19.0,18.1,95,1.8,20,5.0,50,T,0.2,0.0,0.52,10.0,...,10.0
2016-01-03 10:00:00,10,1018.0,1021.2,19.9,17.7,87,2.7,40,5.8,60,0.0,0.0,0.0,0.50,...,...,...
2016-01-03 11:00:00,11,1017.6,1020.8,20.4,17.4,83,2.7,80,6.1,60,0.5,0.7,0.0,0.51,12.0,...,10.0
2016-01-03 12:00:00,12,1017.2,1020.4,19.3,18.0,92,4.7,330,6.9,340,0.5,1.0,0.0,0.56,...,...,...
2016-01-03 13:00:00,13,1015.9,1019.1,19.4,18.2,93,2.3,20,6.2,330,T,0.3,0.0,0.54,...,...,...
2016-01-03 14:00:00,14,1015.9,1019.1,19.5,18.2,92,3.0,330,4.6,350,T,0.2,0.0,0.43,6.0,...,10.0
2016-01-03 15:00:00,15,1015.1,1018.3,19.5,18.4,93,3.3,330,5.8,350,0.5,0.8,0.0,0.52,...,...,...
2016-01-03 16:00:00,16,1015.6,1018.8,19.1,18.1,94,3.0,350,5.5,340,T,0.2,0.0,0.15,...,...,...
2016-01-03 17:00:00,17,1016.4,1019.6,18.9,17.9,94,3.4,330,4.8,320,2.5,1.0,0.0,0.00,3.0,...,10.0
2016-01-03 18:00:00,18,1017.0,1020.2,18.8,17.9,95,2.2,350,5.5,350,0.5,1.0,0.0,0.00,...,...,...
2016-01-03 19:00:00,19,1016.6,1019.8,18.8,17.9,95,3.0,30,6.2,20,T,0.2,0.0,0.00,...,...,...
2016-01-03 20:00:00,20,1017.7,1020.9,18.8,18.0,95,3.0,350,5.6,10,0.5,0.8,...,0.00,3.0,...,10.0
2016-01-03 21:00:00,21,1017.3,1020.5,18.9,18.1,95,2.2,30,5.3,360,5.0,1.0,...,0.00,3.0,...,10.0
2016-01-03 22:00:00,22,1017.0,1020.2,19.1,18.4,96,1.5,340,4.2,40,1.0,1.0,...,0.00,...,...,...
2016-01-03 23:00:00,23,1016.7,1019.9,19.2,18.3,95,1.9,310,3.4,300,T,0.2,...,0.00,...,...,...
2016-01-04 00:00:00,24,1016.2,1019.4,19.1,18.3,95,1.5,40,2.9,320,T,0.4,...,0.00,...,...,...
2016-01-04 01:00:00,01,1016.1,1019.3,19.1,18.5,96,0.2,0,3.2,30,T,0.8,...,0.00,...,...,...
2016-01-04 02:00:00,02,1015.9,1019.1,18.9,18.2,96,2.9,350,5.0,330,0.0,0.0,...,0.00,...,...,...
2016-01-04 03:00:00,03,1015.6,1018.8,18.8,18.1,96,3.2,350,5.5,360,T,0.4,...,0.00,...,...,...
2016-01-04 04:00:00,04,1015.7,1018.9,18.8,18.1,96,3.4,350,5.6,360,0.0,0.0,...,0.00,...,...,...
2016-01-04 05:00:00,05,1015.4,1018.6,18.8,18.1,96,1.8,30,5.2,360,1.5,0.9,...,0.00,...,...,...
2016-01-04 06:00:00,06,1015.7,1018.9,18.9,18.2,96,2.0,360,2.9,10,T,0.6,0.0,0.00,...,...,...
2016-01-04 07:00:00,07,1016.3,1019.5,18.9,18.2,96,2.8,350,4.4,340,T,0.5,0.0,0.00,...,...,...
2016-01-04 08:00:00,08,1017.1,1020.3,19.0,18.3,96,2.7,350,4.4,340,T,0.3,0.0,0.00,3.0,...,10.0
2016-01-04 09:00:00,09,1017.9,1021.1,19.5,19.2,98,3.2,350,6.7,350,0.0,0.0,0.0,0.49,5.0,...,9.0
2016-01-04 10:00:00,10,1017.7,1020.9,20.2,19.5,96,3.4,330,5.9,30,0.0,0.0,0.0,0.86,...,...,...
2016-01-04 11:00:00,11,1017.1,1020.3,21.0,19.7,92,3.5,340,5.4,330,0.0,0.0,0.1,1.05,6.0,...,8.0
2016-01-04 12:00:00,12,1016.5,1019.7,20.7,18.9,89,5.3,330,7.9,320,0.0,0.0,0.3,1.67,...,...,...
2016-01-04 13:00:00,13,1015.8,1019.0,21.2,18.9,87,3.8,340,7.2,320,0.0,0.0,0.0,1.21,...,...,...
2016-01-04 14:00:00,14,1015.2,1018.3,21.4,18.9,86,4.1,350,6.4,340,0.0,0.0,0.2,1.54,7.0,...,7.0
2016-01-04 15:00:00,15,1014.8,1017.9,21.9,19.4,86,3.5,340,6.7,360,0.0,0.0,0.5,1.31,...,...,...
2016-01-04 16:00:00,16,1014.6,1017.8,21.0,18.7,87,3.0,350,5.7,320,0.0,0.0,1.0,1.02,...,...,...
2016-01-04 17:00:00,17,1014.8,1018.0,19.9,18.3,91,2.3,340,4.7,330,0.0,0.0,0.3,0.20,5.0,...,8.0
2016-01-04 18:00:00,18,1014.9,1018.1,19.6,18.3,92,1.1,350,2.8,350,0.0,0.0,0.0,0.00,...,...,...
2016-01-04 19:00:00,19,1015.1,1018.3,19.6,18.4,93,1.1,360,2.4,320,0.0,0.0,0.0,0.00,...,...,...
2016-01-04 20:00:00,20,1015.5,1018.7,19.7,18.6,93,1.7,350,2.3,360,0.0,0.0,...,0.00,6.0,...,7.0
2016-01-04 21:00:00,21,1015.5,1018.7,19.6,18.5,93,0.0,0,2.9,320,0.0,0.0,...,0.00,6.0,...,6.0
2016-01-04 22:00:00,22,1015.8,1019.0,18.7,18.0,96,0.5,340,2.6,310,0.0,0.0,...,0.00,...,...,...
2016-01-04 23:00:00,23,1015.5,1018.7,18.7,18.0,96,0.4,60,1.8,20,0.0,0.0,...,0.00,...,...,...
2016-01-05 00:00:00,24,1015.1,1018.3,18.8,18.2,96,0.9,360,1.7,20,0.0,0.0,...,0.00,...,...,...
2016-01-05 01:00:00,01,1014.9,1018.1,18.9,18.3,96,0.9,350,2.0,330,0.0,0.0,...,0.00,...,...,...
2016-01-05 02:00:00,02,1014.6,1017.8,18.7,18.2,97,1.5,360,3.6,340,0.0,0.0,...,0.00,...,...,...
2016-01-05 03:00:00,03,1014.7,1017.9,18.6,18.3,98,3.3,340,5.3,340,0.0,0.0,...,0.00,...,...,...
2016-01-05 04:00:00,04,1013.9,1017.1,18.7,18.7,100,0.5,360,4.3,20,0.0,0.0,...,0.00,...,...,...
2016-01-05 05:00:00,05,1013.7,1016.9,18.8,18.8,100,2.3,340,3.4,350,0.0,0.0,...,0.00,...,...,...
2016-01-05 06:00:00,06,1013.9,1017.1,18.9,18.9,100,1.6,360,3.6,360,0.0,0.0,0.0,0.00,...,...,...
2016-01-05 07:00:00,07,1013.6,1016.8,18.9,18.9,100,1.8,20,3.7,30,0.0,0.0,0.0,0.00,...,...,...
2016-01-05 08:00:00,08,1014.6,1017.8,19.3,19.3,100,3.4,340,5.6,350,0.0,0.0,0.0,0.07,0.2,...,0.0
2016-01-05 09:00:00,09,1014.9,1018.1,19.1,19.1,100,2.3,20,5.2,350,0.0,0.0,0.0,0.20,0.2,...,0.0
2016-01-05 10:00:00,10,1015.2,1018.4,20.0,20.0,100,2.4,340,3.9,330,0.0,0.0,0.0,0.67,...,...,...
2016-01-05 11:00:00,11,1015.2,1018.4,20.0,20.0,100,4.0,340,6.9,320,0.0,0.0,0.0,1.13,0.5,...,0.0
2016-01-05 12:00:00,12,1014.6,1017.8,20.8,19.8,94,3.9,350,6.4,350,0.0,0.0,0.0,1.02,...,...,...
2016-01-05 13:00:00,13,1013.6,1016.8,20.0,18.5,91,4.8,350,7.5,350,0.0,0.0,0.0,0.66,...,...,...
2016-01-05 14:00:00,14,1013.1,1016.3,20.0,18.3,90,4.0,350,7.9,360,0.0,0.0,0.0,0.62,2.0,...,0.0
2016-01-05 15:00:00,15,1013.0,1016.2,19.9,18.4,91,3.2,340,7.0,350,0.0,0.0,0.0,0.60,...,...,...
2016-01-05 16:00:00,16,1012.8,1016.0,20.0,18.3,90,3.9,360,5.8,10,0.0,0.0,0.0,0.49,...,...,...
2016-01-05 17:00:00,17,1013.1,1016.3,19.3,17.9,92,4.3,360,9.1,360,0.0,0.0,0.0,0.00,2.0,...,0.0
2016-01-05 18:00:00,18,1013.4,1016.6,19.4,18.1,92,4.9,350,8.3,10,0.0,0.0,0.0,0.00,...,...,...
2016-01-05 19:00:00,19,1013.9,1017.1,19.9,18.5,92,3.2,30,8.1,30,0.0,0.0,0.0,0.00,...,...,...
2016-01-05 20:00:00,20,1014.3,1017.5,20.1,18.6,91,2.8,10,7.0,20,0.0,0.0,...,0.00,8.0,...,8.0
2016-01-05 21:00:00,21,1014.8,1018.0,19.8,18.4,92,3.6,350,5.7,10,0.0,0.0,...,0.00,8.0,...,8.0
2016-01-05 22:00:00,22,1014.4,1017.6,20.1,18.4,90,3.0,360,6.1,10,0.0,0.0,...,0.00,...,...,...
2016-01-05 23:00:00,23,1014.6,1017.8,19.8,17.7,88,4.8,360,9.9,10,0.0,0.0,...,0.00,...,...,...
2016-01-06 00:00:00,24,1014.0,1017.2,19.9,17.3,85,3.5,360,8.2,10,0.0,0.0,...,0.00,...,...,...
2016-01-06 01:00:00,01,1013.1,1016.3,19.6,17.0,85,3.7,20,8.1,10,0.0,0.0,...,0.00,...,...,...
2016-01-06 02:00:00,02,1012.7,1015.9,19.7,16.9,84,3.4,360,6.0,40,0.0,0.0,...,0.00,...,...,...
2016-01-06 03:00:00,03,1012.0,1015.2,19.4,16.8,85,2.7,20,5.7,20,0.0,0.0,...,0.00,...,...,...
2016-01-06 04:00:00,04,1012.4,1015.6,19.3,16.8,85,2.9,360,4.7,20,0.0,0.0,...,0.00,...,...,...
2016-01-06 05:00:00,05,1012.7,1015.9,19.1,16.9,87,1.9,30,4.9,350,0.0,0.0,...,0.00,...,...,...
2016-01-06 06:00:00,06,1013.6,1016.8,18.3,16.8,91,9.2,330,14.8,340,1.0,0.3,0.0,0.00,...,...,...
2016-01-06 07:00:00,07,1015.8,1019.0,17.6,16.5,93,8.7,340,16.8,350,16.0,1.0,0.0,0.00,...,...,...
2016-01-06 08:00:00,08,1015.5,1018.7,17.5,16.4,93,7.1,360,15.3,340,26.5,1.0,0.0,0.00,3.0,...,10.0
2016-01-06 09:00:00,09,1017.0,1020.2,17.7,16.4,92,5.9,30,13.5,360,3.0,1.0,0.0,0.00,8.0,...,10.0
2016-01-06 10:00:00,10,1017.2,1020.4,17.9,16.7,93,3.7,10,13.4,10,4.5,1.0,0.0,0.10,...,...,...
2016-01-06 11:00:00,11,1017.0,1020.2,18.8,17.2,90,5.8,360,10.4,10,T,0.5,0.0,1.00,18.0,...,10.0
2016-01-06 12:00:00,12,1016.3,1019.5,21.0,18.6,86,3.8,350,8.4,350,0.0,0.0,0.2,1.66,...,...,...
2016-01-06 13:00:00,13,1015.4,1018.6,20.6,17.8,84,7.4,340,11.7,10,0.0,0.0,0.7,2.13,...,...,...
2016-01-06 14:00:00,14,1014.6,1017.8,19.3,17.1,87,8.7,350,16.3,350,0.0,0.0,0.5,1.69,18.0,...,8.0
2016-01-06 15:00:00,15,1014.3,1017.5,18.9,16.5,86,7.2,360,16.1,360,0.0,0.0,0.2,1.10,...,...,...
2016-01-06 16:00:00,16,1014.3,1017.5,18.3,16.0,86,10.4,350,16.1,350,0.0,0.0,0.0,0.28,...,...,...
2016-01-06 17:00:00,17,1014.8,1018.0,17.9,15.8,88,7.3,360,15.8,20,0.0,0.0,0.0,0.00,12.0,...,10.0
2016-01-06 18:00:00,18,1015.0,1018.2,17.7,15.4,86,6.2,360,14.9,20,0.0,0.0,0.0,0.00,...,...,...
2016-01-06 19:00:00,19,1015.7,1018.9,17.7,15.1,85,8.6,360,15.5,350,0.0,0.0,0.0,0.00,...,...,...
2016-01-06 20:00:00,20,1016.2,1019.4,17.5,14.5,83,9.5,360,16.7,360,0.0,0.0,...,0.00,12.0,...,3.0
2016-01-06 21:00:00,21,1016.5,1019.7,17.3,14.4,83,7.9,360,16.6,360,0.0,0.0,...,0.00,15.0,...,1.0
2016-01-06 22:00:00,22,1017.0,1020.2,17.3,14.5,84,8.1,360,15.1,10,0.0,0.0,...,0.00,...,...,...
2016-01-06 23:00:00,23,1017.3,1020.5,17.2,14.2,83,7.1,10,16.6,20,0.0,0.0,...,0.00,...,...,...
2016-01-07 00:00:00,24,1016.8,1020.0,17.5,14.3,81,7.9,360,17.6,360,0.0,0.0,...,0.00,...,...,...
2016-01-07 01:00:00,01,1017.0,1020.2,17.4,14.1,81,8.9,360,17.6,360,0.0,0.0,...,0.00,...,...,...
2016-01-07 02:00:00,02,1016.9,1020.1,17.3,13.9,80,7.4,360,18.5,360,0.0,0.0,...,0.00,...,...,...
2016-01-07 03:00:00,03,1016.6,1019.8,17.0,13.7,81,7.7,360,15.9,360,0.0,0.0,...,0.00,...,...,...
2016-01-07 04:00:00,04,1016.7,1019.9,17.1,13.5,79,7.1,360,15.8,340,0.0,0.0,...,0.00,...,...,...
2016-01-07 05:00:00,05,1016.8,1020.0,17.0,13.4,79,7.4,360,16.7,20,0.0,0.0,...,0.00,...,...,...
2016-01-07 06:00:00,06,1017.3,1020.5,16.9,13.4,80,5.8,10,17.1,20,0.0,0.0,0.0,0.00,...,...,...
2016-01-07 07:00:00,07,1017.8,1021.0,17.0,13.4,79,5.8,10,12.8,360,0.0,0.0,0.0,0.00,...,...,...
2016-01-07 08:00:00,08,1018.4,1021.6,17.2,13.6,79,5.6,360,12.8,30,0.0,0.0,0.0,0.00,12.0,...,9.0
2016-01-07 09:00:00,09,1019.1,1022.3,17.8,13.9,78,4.6,360,11.7,20,0.0,0.0,0.1,0.54,12.0,...,8.0
2016-01-07 10:00:00,10,1019.0,1022.2,18.5,14.1,76,5.7,10,11.8,30,0.0,0.0,0.3,1.11,...,...,...
2016-01-07 11:00:00,11,1018.2,1021.4,20.2,14.9,72,6.1,360,12.5,10,0.0,0.0,0.8,1.41,13.0,...,3.0
2016-01-07 12:00:00,12,1016.8,1020.0,20.0,15.0,73,8.0,350,14.2,350,0.0,0.0,1.0,2.40,...,...,...
2016-01-07 13:00:00,13,1016.1,1019.3,19.7,14.6,72,11.0,350,17.7,10,0.0,0.0,1.0,2.40,...,...,...
2016-01-07 14:00:00,14,1016.1,1019.3,19.6,14.6,73,11.1,350,19.7,360,0.0,0.0,1.0,2.24,12.0,...,5.0
2016-01-07 15:00:00,15,1016.5,1019.7,18.9,14.2,74,12.2,350,20.2,10,0.0,0.0,1.0,1.75,...,...,...
2016-01-07 16:00:00,16,1016.6,1019.8,18.3,13.5,74,10.5,360,20.6,10,0.0,0.0,0.7,0.90,...,...,...
2016-01-07 17:00:00,17,1017.0,1020.2,17.8,13.4,75,9.3,350,21.1,360,0.0,0.0,0.1,0.16,10.0,...,8.0
2016-01-07 18:00:00,18,1017.1,1020.3,17.5,13.0,75,8.5,360,16.5,20,0.0,0.0,0.0,0.00,...,...,...
2016-01-07 19:00:00,19,1017.3,1020.5,17.4,13.1,76,6.9,360,16.6,50,0.0,0.0,0.0,0.00,...,...,...
2016-01-07 20:00:00,20,1017.4,1020.6,17.3,13.2,77,7.8,10,14.9,30,0.0,0.0,...,0.00,12.0,...,6.0
2016-01-07 21:00:00,21,1017.5,1020.7,17.4,13.4,77,6.3,360,14.1,20,0.0,0.0,...,0.00,12.0,...,8.0
2016-01-07 22:00:00,22,1017.4,1020.6,17.2,13.3,78,6.1,10,13.1,340,0.0,0.0,...,0.00,...,...,...
2016-01-07 23:00:00,23,1016.9,1020.1,17.1,13.5,79,3.6,360,10.1,20,0.0,0.0,...,0.00,...,...,...
2016-01-08 00:00:00,24,1016.7,1019.9,17.1,13.6,80,4.2,350,8.2,20,0.0,0.0,...,0.00,...,...,...
2016-01-08 01:00:00,01,1017.2,1020.4,17.1,14.2,83,3.6,350,7.8,40,0.0,0.0,...,0.00,...,...,...
2016-01-08 02:00:00,02,1017.1,1020.3,16.9,14.3,85,4.1,360,7.4,10,0.0,0.0,...,0.00,...,...,...
2016-01-08 03:00:00,03,1017.4,1020.6,16.3,14.3,88,2.7,20,8.2,40,0.5,0.2,...,0.00,...,...,...
2016-01-08 04:00:00,04,1017.0,1020.2,16.1,14.5,90,2.6,30,6.4,40,0.0,0.0,...,0.00,...,...,...
2016-01-08 05:00:00,05,1017.3,1020.5,16.2,14.4,89,3.8,20,7.1,20,0.0,0.0,...,0.00,...,...,...
2016-01-08 06:00:00,06,1017.4,1020.6,16.2,14.4,89,3.3,20,7.2,20,0.0,0.0,0.0,0.00,...,...,...
2016-01-08 07:00:00,07,1017.6,1020.8,16.1,14.5,90,3.8,360,7.0,10,0.0,0.0,0.0,0.00,...,...,...
2016-01-08 08:00:00,08,1018.0,1021.2,16.1,13.8,86,4.0,360,9.3,360,0.0,0.0,0.0,0.00,10.0,...,10.0
2016-01-08 09:00:00,09,1018.8,1022.0,16.6,13.2,80,5.2,360,11.7,360,0.0,0.0,0.0,0.30,10.0,...,10.0
2016-01-08 10:00:00,10,1019.1,1022.3,17.0,13.4,79,6.5,10,13.1,350,0.0,0.0,0.0,0.60,...,...,...
2016-01-08 11:00:00,11,1018.1,1021.3,17.7,13.6,77,6.3,10,14.4,40,0.0,0.0,0.0,0.83,10.0,...,10.0
2016-01-08 12:00:00,12,1016.7,1019.9,18.3,14.0,76,6.2,360,14.0,20,0.0,0.0,0.0,1.32,...,...,...
2016-01-08 13:00:00,13,1015.5,1018.7,18.8,13.9,73,9.1,360,16.6,10,0.0,0.0,0.2,1.58,...,...,...
2016-01-08 14:00:00,14,1015.0,1018.2,18.7,13.8,73,10.6,350,17.4,360,0.0,0.0,0.9,2.16,10.0,...,4.0
2016-01-08 15:00:00,15,1014.9,1018.1,18.5,13.2,71,9.1,360,19.5,10,0.0,0.0,0.9,1.72,...,...,...
2016-01-08 16:00:00,16,1014.8,1018.0,17.8,12.6,72,11.0,350,18.3,360,0.0,0.0,0.7,0.85,...,...,...
2016-01-08 17:00:00,17,1015.0,1018.2,17.1,11.7,71,9.3,360,17.9,360,0.0,0.0,0.8,0.34,15.0,...,0.0
2016-01-08 18:00:00,18,1015.5,1018.7,16.7,12.4,76,9.2,360,16.8,20,0.0,0.0,0.0,0.00,...,...,...
2016-01-08 19:00:00,19,1016.1,1019.3,16.6,12.3,76,10.1,350,17.7,350,0.0,0.0,0.0,0.00,...,...,...
2016-01-08 20:00:00,20,1016.7,1019.9,16.6,12.6,77,7.9,360,18.4,10,0.0,0.0,...,0.00,15.0,...,4.0
2016-01-08 21:00:00,21,1017.2,1020.4,16.2,12.5,79,8.3,360,18.0,360,0.0,0.0,...,0.00,15.0,...,8.0
2016-01-08 22:00:00,22,1017.6,1020.8,16.0,12.3,79,7.6,350,16.7,20,0.0,0.0,...,0.00,...,...,...
2016-01-08 23:00:00,23,1018.0,1021.2,16.1,12.0,77,8.1,360,15.9,20,0.0,0.0,...,0.00,...,...,...
2016-01-09 00:00:00,24,1017.9,1021.1,16.0,12.1,78,7.5,360,16.5,10,0.0,0.0,...,0.00,...,...,...
2016-01-09 01:00:00,01,1018.3,1021.5,16.2,12.2,77,7.9,360,15.5,10,0.0,0.0,...,0.00,...,...,...
2016-01-09 02:00:00,02,1017.8,1021.0,15.8,11.8,77,6.8,360,16.5,360,0.0,0.0,...,0.00,...,...,...
2016-01-09 03:00:00,03,1017.4,1020.6,15.4,11.4,77,6.3,360,14.9,360,0.0,0.0,...,0.00,...,...,...
2016-01-09 04:00:00,04,1018.0,1021.2,15.3,11.2,77,6.5,10,14.6,10,0.0,0.0,...,0.00,...,...,...
2016-01-09 05:00:00,05,1017.8,1021.0,14.8,11.0,78,5.2,20,13.0,10,0.0,0.0,...,0.00,...,...,...
2016-01-09 06:00:00,06,1018.2,1021.4,14.5,11.0,79,4.6,20,11.4,20,0.0,0.0,0.0,0.00,...,...,...
2016-01-09 07:00:00,07,1018.4,1021.6,14.4,11.2,81,4.0,360,9.0,30,0.0,0.0,0.0,0.00,...,...,...
2016-01-09 08:00:00,08,1018.8,1022.0,15.2,11.6,79,4.3,350,8.9,10,0.0,0.0,0.8,0.28,12.0,...,1.0
2016-01-09 09:00:00,09,1019.4,1022.6,16.3,12.1,76,7.3,350,12.7,360,0.0,0.0,1.0,0.96,15.0,...,1.0
2016-01-09 10:00:00,10,1019.0,1022.2,17.1,11.9,71,7.6,360,15.9,20,0.0,0.0,1.0,1.62,...,...,...
2016-01-09 11:00:00,11,1018.3,1021.5,18.5,12.8,69,4.8,10,13.9,20,0.0,0.0,1.0,1.30,15.0,...,0.0
2016-01-09 12:00:00,12,1016.9,1020.1,20.0,13.6,67,5.0,340,9.6,20,0.0,0.0,1.0,2.40,...,...,...
2016-01-09 13:00:00,13,1016.1,1019.3,19.1,13.3,69,8.2,350,12.9,350,0.0,0.0,1.0,2.40,...,...,...
2016-01-09 14:00:00,14,1015.8,1019.0,18.5,13.7,74,10.5,350,17.8,340,0.0,0.0,1.0,2.28,15.0,...,2.0
2016-01-09 15:00:00,15,1015.8,1019.0,18.6,13.8,74,8.8,350,20.2,360,0.0,0.0,1.0,1.71,...,...,...
2016-01-09 16:00:00,16,1015.8,1019.0,18.2,13.9,76,8.8,350,17.0,360,0.0,0.0,1.0,1.00,...,...,...
2016-01-09 17:00:00,17,1016.5,1019.7,17.8,13.8,77,9.4,350,16.1,360,0.0,0.0,0.6,0.34,15.0,...,4.0
2016-01-09 18:00:00,18,1017.1,1020.3,17.4,13.9,80,6.9,360,15.0,10,0.0,0.0,0.0,0.00,...,...,...
2016-01-09 19:00:00,19,1017.3,1020.5,17.2,13.9,81,4.9,360,12.4,360,0.0,0.0,0.0,0.00,...,...,...
2016-01-09 20:00:00,20,1017.6,1020.8,16.7,13.5,81,3.6,10,10.4,360,0.0,0.0,...,0.00,12.0,...,1.0
2016-01-09 21:00:00,21,1017.8,1021.0,16.1,13.1,82,3.5,10,6.9,20,0.0,0.0,...,0.00,10.0,...,1.0
2016-01-09 22:00:00,22,1017.8,1021.0,15.8,13.0,83,3.1,10,5.8,20,0.0,0.0,...,0.00,...,...,...
2016-01-09 23:00:00,23,1017.6,1020.8,15.4,12.9,85,2.0,40,4.8,20,0.0,0.0,...,0.00,...,...,...
2016-01-10 00:00:00,24,1017.7,1020.9,15.3,12.9,86,2.2,10,4.8,360,0.0,0.0,...,0.00,...,...,...
2016-01-10 01:00:00,01,1017.3,1020.5,15.0,12.9,87,2.9,40,4.2,40,0.0,0.0,...,0.00,...,...,...
2016-01-10 02:00:00,02,1017.0,1020.2,15.1,13.0,87,1.8,20,3.8,40,0.0,0.0,...,0.00,...,...,...
2016-01-10 03:00:00,03,1016.6,1019.8,15.2,13.1,87,2.2,30,3.0,340,0.0,0.0,...,0.00,...,...,...
2016-01-10 04:00:00,04,1016.4,1019.6,14.9,13.0,88,2.4,10,4.0,20,0.0,0.0,...,0.00,...,...,...
2016-01-10 05:00:00,05,1016.6,1019.8,15.3,13.1,87,3.7,360,5.3,360,0.0,0.0,...,0.00,...,...,...
2016-01-10 06:00:00,06,1016.7,1019.9,15.2,13.1,87,2.6,30,5.5,10,0.0,0.0,0.0,0.00,...,...,...
2016-01-10 07:00:00,07,1016.9,1020.1,15.5,13.2,86,2.5,10,4.6,30,0.0,0.0,0.0,0.00,...,...,...
2016-01-10 08:00:00,08,1017.6,1020.8,16.1,14.1,88,2.7,10,5.0,350,0.0,0.0,0.0,0.10,6.0,...,9.0
2016-01-10 09:00:00,09,1017.9,1021.1,17.4,15.0,86,3.9,360,7.5,20,0.0,0.0,0.0,0.61,6.0,...,10.0
2016-01-10 10:00:00,10,1017.4,1020.6,18.0,15.7,86,5.7,350,9.9,360,0.0,0.0,0.0,0.73,...,...,...
2016-01-10 11:00:00,11,1016.4,1019.6,19.2,16.2,83,4.7,360,9.9,350,0.0,0.0,0.6,1.35,8.0,...,8.0
2016-01-10 12:00:00,12,1014.9,1018.1,20.1,16.5,80,5.1,350,9.1,350,0.0,0.0,0.4,1.60,...,...,...
2016-01-10 13:00:00,13,1013.9,1017.1,19.5,16.8,84,8.2,350,12.3,350,0.0,0.0,0.0,1.44,...,...,...
2016-01-10 14:00:00,14,1013.1,1016.3,19.2,16.7,85,7.1,350,13.1,360,0.0,0.0,0.0,1.23,8.0,...,10.0
2016-01-10 15:00:00,15,1013.0,1016.2,18.8,16.5,86,8.0,350,12.9,360,0.0,0.0,0.0,0.86,...,...,...
2016-01-10 16:00:00,16,1013.7,1016.9,18.7,16.5,87,8.2,350,13.9,350,0.0,0.0,0.0,0.37,...,...,...
2016-01-10 17:00:00,17,1013.6,1016.8,18.6,16.6,88,7.1,350,14.6,350,0.0,0.0,0.0,0.00,6.0,...,10.0
2016-01-10 18:00:00,18,1013.9,1017.1,18.4,16.6,89,7.8,350,13.4,350,0.0,0.0,0.0,0.00,...,...,...
2016-01-10 19:00:00,19,1014.3,1017.5,18.4,16.5,89,6.6,350,12.6,350,0.0,0.0,0.0,0.00,...,...,...
2016-01-10 20:00:00,20,1014.1,1017.3,18.3,16.6,90,5.0,360,11.0,360,0.0,0.0,...,0.00,8.0,...,10.0
2016-01-10 21:00:00,21,1015.0,1018.2,18.4,16.5,89,7.0,340,11.3,340,0.0,0.0,...,0.00,8.0,...,10.0
2016-01-10 22:00:00,22,1014.7,1017.9,18.4,16.6,89,6.6,350,12.2,360,0.0,0.0,...,0.00,...,...,...
2016-01-10 23:00:00,23,1015.1,1018.3,18.1,16.3,89,7.7,340,13.5,360,0.0,0.0,...,0.00,...,...,...
2016-01-11 00:00:00,24,1014.7,1017.9,18.3,16.5,89,6.2,360,13.3,360,0.0,0.0,...,0.00,...,...,...
2016-01-11 01:00:00,01,1014.3,1017.5,18.3,16.4,89,6.6,350,11.1,360,0.0,0.0,...,0.00,...,...,...
2016-01-11 02:00:00,02,1013.6,1016.8,18.2,16.4,89,4.4,360,10.0,10,0.0,0.0,...,0.00,...,...,...
2016-01-11 03:00:00,03,1012.1,1015.3,18.1,16.5,90,4.7,360,9.7,10,0.0,0.0,...,0.00,...,...,...
2016-01-11 04:00:00,04,1011.5,1014.7,18.1,16.5,90,5.0,360,10.7,10,0.0,0.0,...,0.00,...,...,...
2016-01-11 05:00:00,05,1012.2,1015.4,17.8,16.4,92,4.2,350,8.8,20,1.0,0.7,...,0.00,...,...,...
2016-01-11 06:00:00,06,1012.8,1016.0,17.1,15.6,91,8.5,350,12.7,360,0.5,1.0,0.0,0.00,...,...,...
2016-01-11 07:00:00,07,1013.6,1016.8,16.8,15.6,93,5.4,10,12.9,360,0.5,1.0,0.0,0.00,...,...,...
2016-01-11 08:00:00,08,1013.1,1016.3,16.6,15.3,92,4.8,10,10.4,20,1.5,1.0,0.0,0.00,15.0,...,10.0
2016-01-11 09:00:00,09,1013.4,1016.6,16.6,15.3,92,3.8,20,9.4,20,2.0,1.0,0.0,0.00,10.0,...,10.0
2016-01-11 10:00:00,10,1013.4,1016.6,16.6,15.5,93,4.2,360,7.6,10,3.0,1.0,0.0,0.00,...,...,...
2016-01-11 11:00:00,11,1013.4,1016.6,16.7,15.7,94,0.7,20,6.3,360,4.5,1.0,0.0,0.00,10.0,...,10.0
2016-01-11 12:00:00,12,1013.1,1016.3,16.7,15.7,94,4.1,360,7.2,360,2.0,1.0,0.0,0.00,...,...,...
2016-01-11 13:00:00,13,1013.1,1016.3,16.5,15.5,94,7.2,360,12.5,350,2.5,1.0,0.0,0.00,...,...,...
2016-01-11 14:00:00,14,1012.8,1016.0,16.4,15.3,93,5.2,360,13.1,350,T,1.0,0.0,0.00,12.0,...,10.0
2016-01-11 15:00:00,15,1012.6,1015.8,16.0,14.9,93,6.4,360,13.0,10,3.0,1.0,0.0,0.00,...,...,...
2016-01-11 16:00:00,16,1013.2,1016.4,15.7,14.6,93,5.2,10,12.1,340,0.5,1.0,0.0,0.00,...,...,...
2016-01-11 17:00:00,17,1014.0,1017.2,15.6,14.3,92,4.9,10,10.0,10,1.5,0.8,0.0,0.00,15.0,...,10.0
2016-01-11 18:00:00,18,1013.9,1017.1,15.5,14.0,91,5.4,30,13.2,10,1.5,0.8,0.0,0.00,...,...,...
2016-01-11 19:00:00,19,1013.9,1017.1,15.8,13.7,87,2.7,10,8.8,50,0.5,1.0,0.0,0.00,...,...,...
2016-01-11 20:00:00,20,1014.6,1017.8,15.9,13.8,87,2.2,10,4.6,10,0.5,0.5,...,0.00,20.0,...,10.0
2016-01-11 21:00:00,21,1015.4,1018.6,16.2,14.1,87,4.9,350,7.3,360,0.0,0.0,...,0.00,20.0,...,10.0
2016-01-11 22:00:00,22,1016.0,1019.2,16.9,14.6,86,6.3,350,9.4,10,0.0,0.0,...,0.00,...,...,...
2016-01-11 23:00:00,23,1015.4,1018.6,16.8,15.1,90,6.0,360,11.5,30,0.0,0.0,...,0.00,...,...,...
2016-01-12 00:00:00,24,1015.8,1019.0,16.5,14.8,90,5.5,360,15.5,360,0.0,0.0,...,0.00,...,...,...
2016-01-12 01:00:00,01,1015.4,1018.6,16.2,14.6,90,5.8,10,13.7,20,T,0.3,...,0.00,...,...,...
2016-01-12 02:00:00,02,1014.9,1018.1,16.2,14.3,89,6.2,360,11.3,360,0.0,0.0,...,0.00,...,...,...
2016-01-12 03:00:00,03,1015.5,1018.7,16.0,14.2,89,7.2,360,13.9,360,1.5,0.5,...,0.00,...,...,...
2016-01-12 04:00:00,04,1015.7,1018.9,15.9,13.7,87,7.3,360,14.9,20,T,1.0,...,0.00,...,...,...
2016-01-12 05:00:00,05,1015.5,1018.7,15.8,13.9,88,6.3,360,14.7,350,1.0,1.0,...,0.00,...,...,...
2016-01-12 06:00:00,06,1015.7,1018.9,15.8,13.5,86,8.3,350,17.4,10,T,0.2,0.0,0.00,...,...,...
2016-01-12 07:00:00,07,1015.8,1019.0,15.7,13.0,84,9.4,360,17.6,360,0.0,0.0,0.0,0.00,...,...,...
2016-01-12 08:00:00,08,1016.1,1019.3,15.9,12.9,82,7.8,360,18.0,360,0.0,0.0,0.2,0.23,18.0,...,8.0
2016-01-12 09:00:00,09,1015.9,1019.1,16.6,13.4,81,5.9,10,15.1,10,0.0,0.0,0.8,0.86,18.0,...,5.0
2016-01-12 10:00:00,10,1016.1,1019.3,17.4,13.5,78,8.0,350,15.1,10,0.0,0.0,1.0,1.56,...,...,...
2016-01-12 11:00:00,11,1015.7,1018.9,18.5,14.2,76,8.4,350,18.5,360,0.0,0.0,0.8,1.46,18.0,...,7.0
2016-01-12 12:00:00,12,1014.9,1018.1,18.7,13.9,74,9.3,360,18.5,10,0.0,0.0,0.8,2.10,...,...,...
2016-01-12 13:00:00,13,1013.9,1017.1,18.5,13.9,75,11.2,350,20.2,360,0.0,0.0,1.0,2.38,...,...,...
2016-01-12 14:00:00,14,1013.5,1016.7,18.3,13.6,74,12.3,360,20.4,360,0.0,0.0,1.0,2.36,20.0,...,3.0
2016-01-12 15:00:00,15,1013.5,1016.7,18.1,13.2,73,9.8,350,19.6,360,0.0,0.0,0.6,1.52,...,...,...
2016-01-12 16:00:00,16,1013.9,1017.1,17.5,13.0,75,10.4,360,18.6,360,0.0,0.0,0.1,0.74,...,...,...
2016-01-12 17:00:00,17,1014.1,1017.3,16.7,13.0,79,9.9,360,17.1,10,0.0,0.0,0.2,0.20,15.0,...,9.0
2016-01-12 18:00:00,18,1014.8,1018.0,16.5,12.6,78,7.8,360,15.3,360,0.0,0.0,0.0,0.00,...,...,...
2016-01-12 19:00:00,19,1015.6,1018.8,16.1,12.0,77,6.9,360,15.8,10,0.0,0.0,0.0,0.00,...,...,...
2016-01-12 20:00:00,20,1016.2,1019.4,15.8,12.1,79,6.9,360,14.1,30,0.0,0.0,...,0.00,15.0,...,10.0
2016-01-12 21:00:00,21,1016.5,1019.7,15.5,12.1,80,6.1,360,15.4,10,0.0,0.0,...,0.00,15.0,...,10.0
2016-01-12 22:00:00,22,1017.3,1020.5,15.4,12.1,81,5.7,360,13.5,20,0.0,0.0,...,0.00,...,...,...
2016-01-12 23:00:00,23,1017.8,1021.0,15.3,12.4,83,4.5,360,13.5,360,0.0,0.0,...,0.00,...,...,...
2016-01-13 00:00:00,24,1017.5,1020.7,15.3,12.2,82,5.4,10,11.7,350,0.0,0.0,...,0.00,...,...,...
2016-01-13 01:00:00,01,1017.5,1020.7,15.1,12.0,82,6.2,20,12.6,20,0.0,0.0,...,0.00,...,...,...
2016-01-13 02:00:00,02,1017.1,1020.3,14.9,12.0,83,5.2,10,13.1,30,0.0,0.0,...,0.00,...,...,...
2016-01-13 03:00:00,03,1016.7,1019.9,15.0,12.1,83,6.0,10,12.6,10,0.0,0.0,...,0.00,...,...,...
2016-01-13 04:00:00,04,1016.3,1019.5,14.9,11.3,79,5.8,360,13.5,10,0.0,0.0,...,0.00,...,...,...
2016-01-13 05:00:00,05,1016.0,1019.2,14.9,11.7,81,5.8,360,14.0,40,0.0,0.0,...,0.00,...,...,...
2016-01-13 06:00:00,06,1016.3,1019.5,14.9,11.6,81,7.2,360,13.2,20,0.0,0.0,0.0,0.00,...,...,...
2016-01-13 07:00:00,07,1017.0,1020.2,14.7,12.0,84,6.4,360,13.1,10,0.0,0.0,0.0,0.00,...,...,...
2016-01-13 08:00:00,08,1017.8,1021.0,14.9,11.9,82,5.5,360,13.6,360,0.0,0.0,0.0,0.02,12.0,...,8.0
2016-01-13 09:00:00,09,1017.9,1021.1,15.3,11.7,79,7.6,360,15.4,10,0.0,0.0,0.0,0.57,13.0,...,8.0
2016-01-13 10:00:00,10,1018.1,1021.3,15.9,11.5,75,7.9,360,16.1,30,0.0,0.0,0.0,0.69,...,...,...
2016-01-13 11:00:00,11,1017.9,1021.1,16.3,12.0,76,6.9,350,19.0,40,0.0,0.0,0.1,1.26,15.0,...,9.0
2016-01-13 12:00:00,12,1017.0,1020.2,16.5,11.8,74,7.1,360,17.6,10,0.0,0.0,0.2,1.51,...,...,...
2016-01-13 13:00:00,13,1016.0,1019.2,15.8,11.8,77,6.9,360,15.2,10,0.0,0.0,0.0,0.77,...,...,...
2016-01-13 14:00:00,14,1015.6,1018.8,15.0,11.5,80,8.2,360,16.1,360,0.0,0.0,0.0,0.59,18.0,...,10.0
2016-01-13 15:00:00,15,1015.4,1018.6,14.7,11.0,78,8.0,360,16.1,360,0.0,0.0,0.0,0.38,...,...,...
2016-01-13 16:00:00,16,1015.8,1019.0,14.7,11.1,79,6.8,10,16.5,10,0.0,0.0,0.0,0.58,...,...,...
2016-01-13 17:00:00,17,1017.0,1020.2,14.4,10.8,79,7.1,360,13.5,360,0.0,0.0,0.0,0.20,15.0,...,10.0
2016-01-13 18:00:00,18,1017.4,1020.6,14.3,10.3,77,6.2,360,14.1,360,0.0,0.0,0.0,0.00,...,...,...
2016-01-13 19:00:00,19,1017.9,1021.1,14.1,10.2,77,7.0,10,13.7,20,0.0,0.0,0.0,0.00,...,...,...
2016-01-13 20:00:00,20,1018.2,1021.4,13.8,10.6,81,4.3,10,12.5,10,0.0,0.0,...,0.00,12.0,...,8.0
2016-01-13 21:00:00,21,1018.2,1021.4,13.5,10.4,82,4.9,360,11.4,20,0.0,0.0,...,0.00,12.0,...,6.0
2016-01-13 22:00:00,22,1018.0,1021.2,13.5,10.2,80,5.8,10,11.6,20,0.0,0.0,...,0.00,...,...,...
2016-01-13 23:00:00,23,1017.8,1021.0,13.7,10.7,82,6.9,360,13.1,340,0.0,0.0,...,0.00,...,...,...
2016-01-14 00:00:00,24,1017.6,1020.8,13.6,10.4,81,6.5,10,13.3,20,0.0,0.0,...,0.00,...,...,...
2016-01-14 01:00:00,01,1017.4,1020.6,13.6,10.3,80,6.5,10,15.1,20,0.0,0.0,...,0.00,...,...,...
2016-01-14 02:00:00,02,1017.0,1020.2,13.4,10.5,83,5.6,10,14.7,20,0.0,0.0,...,0.00,...,...,...
2016-01-14 03:00:00,03,1016.4,1019.6,13.1,10.2,83,5.2,360,10.3,350,0.0,0.0,...,0.00,...,...,...
2016-01-14 04:00:00,04,1016.4,1019.6,13.0,10.1,83,4.2,360,10.1,350,0.0,0.0,...,0.00,...,...,...
2016-01-14 05:00:00,05,1016.7,1019.9,12.9,9.9,82,5.1,360,11.9,10,0.0,0.0,...,0.00,...,...,...
2016-01-14 06:00:00,06,1017.3,1020.5,12.8,9.7,81,5.2,360,11.4,20,0.0,0.0,0.0,0.00,...,...,...
2016-01-14 07:00:00,07,1017.9,1021.1,13.3,9.6,78,5.4,360,11.7,360,0.0,0.0,0.0,0.00,...,...,...
2016-01-14 08:00:00,08,1018.8,1022.0,14.4,10.0,75,7.0,360,16.1,360,0.0,0.0,0.3,0.28,10.0,...,6.0
2016-01-14 09:00:00,09,1018.6,1021.8,15.3,10.2,72,7.3,10,15.1,20,0.0,0.0,1.0,0.98,10.0,...,6.0
2016-01-14 10:00:00,10,1019.0,1022.2,16.0,10.6,70,7.6,20,14.8,30,0.0,0.0,1.0,1.51,...,...,...
2016-01-14 11:00:00,11,1017.7,1020.9,16.9,11.2,69,5.6,30,13.7,360,0.0,0.0,1.0,1.42,10.0,...,2.0
2016-01-14 12:00:00,12,1015.5,1018.7,17.5,11.8,69,3.6,30,12.8,60,0.0,0.0,0.7,1.99,...,...,...
2016-01-14 13:00:00,13,1014.5,1017.7,17.9,11.9,68,5.7,350,8.8,350,0.0,0.0,0.2,1.51,...,...,...
2016-01-14 14:00:00,14,1014.3,1017.5,17.3,11.7,70,7.8,350,12.8,360,0.0,0.0,0.2,1.38,10.0,...,8.0
2016-01-14 15:00:00,15,1014.5,1017.7,17.2,12.1,72,8.5,350,14.5,350,0.0,0.0,0.9,1.61,...,...,...
2016-01-14 16:00:00,16,1014.1,1017.3,16.5,11.9,74,7.7,360,15.5,350,0.0,0.0,1.0,0.97,...,...,...
2016-01-14 17:00:00,17,1014.6,1017.8,15.9,11.4,75,7.2,360,14.2,360,0.0,0.0,0.7,0.36,10.0,...,0.0
2016-01-14 18:00:00,18,1015.3,1018.5,15.2,11.1,76,4.9,360,12.4,360,0.0,0.0,0.0,0.00,...,...,...
2016-01-14 19:00:00,19,1016.1,1019.3,14.9,11.0,77,3.8,10,10.7,30,0.0,0.0,0.0,0.00,...,...,...
2016-01-14 20:00:00,20,1016.6,1019.8,14.8,11.2,79,3.5,350,8.0,30,0.0,0.0,...,0.00,10.0,...,0.0
2016-01-14 21:00:00,21,1016.7,1019.9,14.8,11.2,79,3.9,360,8.7,350,0.0,0.0,...,0.00,10.0,...,4.0
2016-01-14 22:00:00,22,1016.4,1019.6,14.6,11.2,80,3.9,10,8.9,360,0.0,0.0,...,0.00,...,...,...
2016-01-14 23:00:00,23,1015.2,1018.4,14.2,11.1,82,3.6,40,8.8,20,0.0,0.0,...,0.00,...,...,...
2016-01-15 00:00:00,24,1014.6,1017.8,14.0,11.3,84,3.9,350,7.6,20,0.0,0.0,...,0.00,...,...,...
2016-01-15 01:00:00,01,1014.1,1017.3,14.1,11.3,83,4.5,350,9.9,20,0.0,0.0,...,0.00,...,...,...
2016-01-15 02:00:00,02,1013.6,1016.8,14.2,11.5,84,4.4,10,9.4,360,0.0,0.0,...,0.00,...,...,...
2016-01-15 03:00:00,03,1013.1,1016.3,14.2,11.7,85,3.5,360,9.1,20,0.0,0.0,...,0.00,...,...,...
2016-01-15 04:00:00,04,1012.6,1015.8,14.3,11.8,85,3.4,10,7.8,360,0.0,0.0,...,0.00,...,...,...
2016-01-15 05:00:00,05,1013.1,1016.3,14.4,12.0,85,4.6,360,8.4,20,0.0,0.0,...,0.00,...,...,...
2016-01-15 06:00:00,06,1014.1,1017.3,14.6,12.4,87,4.3,10,10.2,20,T,0.2,0.0,0.00,...,...,...
2016-01-15 07:00:00,07,1013.9,1017.1,14.6,12.6,88,4.6,10,10.2,10,T,0.5,0.0,0.00,...,...,...
2016-01-15 08:00:00,08,1014.0,1017.2,14.9,12.7,87,4.9,20,10.8,20,T,0.2,0.0,0.00,5.0,...,10.0
2016-01-15 09:00:00,09,1014.2,1017.4,15.4,13.0,86,3.5,20,9.5,40,0.0,0.0,0.0,0.20,5.2,...,10.0
2016-01-15 10:00:00,10,1014.4,1017.6,16.1,13.3,83,4.5,350,8.6,30,0.0,0.0,0.0,0.60,...,...,...
2016-01-15 11:00:00,11,1014.2,1017.4,16.4,13.5,83,4.8,350,10.4,350,0.0,0.0,0.0,0.60,6.0,...,10.0
2016-01-15 12:00:00,12,1014.0,1017.2,16.0,13.8,87,2.8,20,8.6,360,T,0.5,0.0,0.60,...,...,...
2016-01-15 13:00:00,13,1013.5,1016.7,16.0,14.0,88,2.5,360,6.3,20,0.5,1.0,0.0,0.60,...,...,...
2016-01-15 14:00:00,14,1012.3,1015.5,16.2,13.7,85,2.7,10,5.9,20,T,0.3,0.0,0.60,6.0,...,10.0
2016-01-15 15:00:00,15,1012.1,1015.3,16.2,13.9,86,2.9,360,5.7,20,0.0,0.0,0.0,0.35,...,...,...
2016-01-15 16:00:00,16,1012.6,1015.8,16.0,13.9,87,3.7,360,6.3,20,T,0.2,0.0,0.00,...,...,...
2016-01-15 17:00:00,17,1013.1,1016.3,15.4,13.9,91,3.8,10,7.9,40,1.0,1.0,0.0,0.00,3.0,...,10.0
2016-01-15 18:00:00,18,1013.4,1016.6,15.2,13.9,92,2.6,40,5.3,20,T,1.0,0.0,0.00,...,...,...
2016-01-15 19:00:00,19,1013.6,1016.8,15.0,13.8,93,2.3,20,5.7,10,0.5,1.0,0.0,0.00,...,...,...
2016-01-15 20:00:00,20,1013.7,1016.9,15.0,13.7,92,4.3,10,7.8,10,0.5,1.0,...,0.00,4.0,...,10.0
2016-01-15 21:00:00,21,1013.9,1017.1,14.9,13.4,91,4.2,10,9.1,20,T,0.3,...,0.00,5.0,...,10.0
2016-01-15 22:00:00,22,1013.8,1017.0,14.9,13.5,91,2.9,360,7.7,50,T,0.3,...,0.00,...,...,...
2016-01-15 23:00:00,23,1013.7,1016.9,14.8,13.5,92,2.5,10,5.7,20,0.5,1.0,...,0.00,...,...,...
2016-01-16 00:00:00,24,1013.1,1016.3,14.8,13.6,93,0.9,340,4.0,20,T,0.7,...,0.00,...,...,...
2016-01-16 01:00:00,01,1013.5,1016.7,15.3,13.8,91,2.8,10,6.7,330,T,0.4,...,0.00,...,...,...
2016-01-16 02:00:00,02,1013.0,1016.2,15.1,13.7,91,4.8,10,8.2,40,T,0.8,...,0.00,...,...,...
2016-01-16 03:00:00,03,1012.2,1015.4,14.9,13.4,91,3.7,360,9.1,360,0.0,0.0,...,0.00,...,...,...
2016-01-16 04:00:00,04,1011.9,1015.1,14.7,13.2,91,4.9,360,9.0,20,T,0.2,...,0.00,...,...,...
2016-01-16 05:00:00,05,1012.7,1015.9,15.1,13.2,88,5.1,360,11.2,20,0.0,0.0,...,0.00,...,...,...
2016-01-16 06:00:00,06,1012.7,1015.9,15.1,13.3,89,5.5,10,10.8,40,0.0,0.0,0.0,0.00,...,...,...
2016-01-16 07:00:00,07,1013.3,1016.5,15.1,13.3,89,5.2,360,10.2,10,0.0,0.0,0.0,0.00,...,...,...
2016-01-16 08:00:00,08,1014.0,1017.2,15.6,13.5,87,5.5,360,10.8,30,0.0,0.0,0.0,0.03,8.0,...,7.0
2016-01-16 09:00:00,09,1014.0,1017.2,17.0,14.4,85,5.1,10,11.1,10,0.0,0.0,0.7,0.78,10.0,...,5.0
2016-01-16 10:00:00,10,1013.9,1017.1,18.2,14.5,79,6.2,360,11.1,350,0.0,0.0,1.0,1.66,...,...,...
2016-01-16 11:00:00,11,1013.0,1016.2,19.5,15.4,77,7.4,350,12.8,360,0.0,0.0,1.0,1.34,15.0,...,4.0
2016-01-16 12:00:00,12,1011.9,1015.1,19.3,15.5,79,9.2,360,15.7,10,0.0,0.0,1.0,2.43,...,...,...
2016-01-16 13:00:00,13,1010.8,1014.0,19.8,16.0,79,6.7,350,13.6,360,0.0,0.0,0.4,2.02,...,...,...
2016-01-16 14:00:00,14,1010.1,1013.3,19.5,15.9,80,7.2,360,13.2,10,0.0,0.0,0.4,1.77,12.0,...,7.0
2016-01-16 15:00:00,15,1010.1,1013.3,19.2,15.8,81,7.1,350,13.4,350,0.0,0.0,0.7,1.56,...,...,...
2016-01-16 16:00:00,16,1010.0,1013.2,18.9,15.7,82,8.0,350,12.7,350,0.0,0.0,0.1,0.64,...,...,...
2016-01-16 17:00:00,17,1010.2,1013.4,18.5,15.5,83,5.8,350,12.0,350,0.0,0.0,0.0,0.18,12.0,...,9.0
2016-01-16 18:00:00,18,1010.4,1013.6,18.5,15.9,85,3.8,350,9.9,30,0.0,0.0,0.0,0.00,...,...,...
2016-01-16 19:00:00,19,1010.6,1013.8,18.5,16.1,86,1.6,360,6.0,350,0.0,0.0,0.0,0.00,...,...,...
2016-01-16 20:00:00,20,1010.5,1013.7,18.4,15.9,85,0.8,60,2.6,20,0.0,0.0,...,0.00,12.0,...,7.0
2016-01-16 21:00:00,21,1010.1,1013.3,18.2,16.2,88,1.0,280,2.4,310,0.0,0.0,...,0.00,10.0,...,7.0
2016-01-16 22:00:00,22,1010.4,1013.6,18.2,16.8,92,2.1,300,4.0,310,0.0,0.0,...,0.00,...,...,...
2016-01-16 23:00:00,23,1010.4,1013.6,17.7,16.4,92,1.8,330,3.9,300,0.5,0.7,...,0.00,...,...,...
2016-01-17 00:00:00,24,1009.2,1012.4,17.6,16.6,94,1.6,350,2.8,330,0.0,0.0,...,0.00,...,...,...
2016-01-17 01:00:00,01,1008.2,1011.4,17.4,16.4,94,1.7,310,2.5,310,0.0,0.0,...,0.00,...,...,...
2016-01-17 02:00:00,02,1008.2,1011.4,17.2,16.1,93,2.3,300,3.8,300,T,0.2,...,0.00,...,...,...
2016-01-17 03:00:00,03,1007.7,1010.9,17.1,16.3,95,1.2,40,5.7,310,1.5,0.5,...,0.00,...,...,...
2016-01-17 04:00:00,04,1007.0,1010.2,17.1,16.2,94,0.7,350,5.0,80,0.0,0.0,...,0.00,...,...,...
2016-01-17 05:00:00,05,1006.8,1010.0,17.2,16.3,94,1.6,350,5.6,320,0.0,0.0,...,0.00,...,...,...
2016-01-17 06:00:00,06,1006.7,1009.9,16.9,16.3,96,3.6,330,6.1,320,0.0,0.0,0.0,0.00,...,...,...
2016-01-17 07:00:00,07,1007.3,1010.5,16.6,15.7,94,3.7,360,9.7,330,0.0,0.0,0.0,0.00,...,...,...
2016-01-17 08:00:00,08,1008.3,1011.5,16.7,15.8,94,4.7,350,8.1,350,1.5,0.5,0.0,0.00,6.0,...,10.0
2016-01-17 09:00:00,09,1008.7,1011.9,16.4,15.4,94,7.1,360,10.4,350,1.0,0.7,0.0,0.00,6.0,...,10.0
2016-01-17 10:00:00,10,1008.1,1011.3,16.5,15.3,93,5.2,20,10.9,30,2.5,1.0,0.0,0.08,...,...,...
2016-01-17 11:00:00,11,1008.4,1011.6,16.6,15.7,94,2.7,40,8.3,20,16.0,1.0,0.0,0.00,6.0,...,10.0
2016-01-17 12:00:00,12,1007.7,1010.9,17.1,16.5,96,2.5,10,6.1,30,5.0,1.0,0.0,0.21,...,...,...
2016-01-17 13:00:00,13,1006.9,1010.1,17.7,16.5,93,1.0,20,5.1,40,0.5,1.0,0.0,0.58,...,...,...
2016-01-17 14:00:00,14,1005.9,1009.1,18.2,16.6,90,0.3,100,3.0,60,0.5,0.5,0.0,0.35,20.0,...,10.0
2016-01-17 15:00:00,15,1006.0,1009.2,18.0,16.7,92,2.4,310,3.4,320,T,0.5,0.0,0.05,...,...,...
2016-01-17 16:00:00,16,1007.0,1010.2,17.8,16.9,94,2.2,340,3.0,320,1.0,1.0,0.0,0.00,...,...,...
2016-01-17 17:00:00,17,1007.2,1010.4,18.4,16.4,88,2.2,100,4.6,110,T,0.5,0.0,0.00,20.0,...,10.0
2016-01-17 18:00:00,18,1008.2,1011.4,17.8,16.0,89,3.2,360,5.2,10,0.0,0.0,0.0,0.00,...,...,...
2016-01-17 19:00:00,19,1008.0,1011.2,17.3,14.8,85,1.8,10,6.2,140,0.5,0.5,0.0,0.00,...,...,...
2016-01-17 20:00:00,20,1009.0,1012.2,16.9,14.8,87,3.5,350,6.7,30,0.0,0.0,...,0.00,20.0,...,10.0
2016-01-17 21:00:00,21,1009.7,1012.9,16.9,15.0,89,4.6,350,8.7,350,0.0,0.0,...,0.00,20.0,...,10.0
2016-01-17 22:00:00,22,1010.8,1014.0,16.4,14.8,90,6.8,350,12.5,10,0.0,0.0,...,0.00,...,...,...
2016-01-17 23:00:00,23,1010.9,1014.1,15.4,13.4,88,7.7,350,15.4,360,0.0,0.0,...,0.00,...,...,...
2016-01-18 00:00:00,24,1011.2,1014.4,14.6,12.4,87,7.2,360,15.3,10,0.0,0.0,...,0.00,...,...,...
2016-01-18 01:00:00,01,1011.5,1014.7,14.2,11.6,84,8.3,360,16.9,360,0.0,0.0,...,0.00,...,...,...
2016-01-18 02:00:00,02,1011.6,1014.8,13.6,11.0,84,8.4,360,16.4,360,0.0,0.0,...,0.00,...,...,...
2016-01-18 03:00:00,03,1011.5,1014.7,13.3,10.3,82,7.3,360,17.5,20,0.0,0.0,...,0.00,...,...,...
2016-01-18 04:00:00,04,1011.4,1014.6,13.0,9.7,80,6.1,360,13.6,30,0.0,0.0,...,0.00,...,...,...
2016-01-18 05:00:00,05,1011.9,1015.1,12.9,9.2,78,7.0,10,14.6,20,0.0,0.0,...,0.00,...,...,...
2016-01-18 06:00:00,06,1012.6,1015.8,12.9,8.9,77,6.0,10,15.8,40,0.0,0.0,0.0,0.00,...,...,...
2016-01-18 07:00:00,07,1013.3,1016.5,12.9,8.8,76,6.3,10,14.3,30,0.0,0.0,0.0,0.00,...,...,...
2016-01-18 08:00:00,08,1014.1,1017.3,13.4,8.9,74,6.5,360,14.6,30,0.0,0.0,0.4,0.18,15.0,...,2.0
2016-01-18 09:00:00,09,1014.4,1017.6,14.7,9.0,69,7.7,10,16.9,40,0.0,0.0,1.0,0.97,15.0,...,1.0
2016-01-18 10:00:00,10,1014.7,1017.9,15.5,9.3,67,7.9,360,15.7,30,0.0,0.0,1.0,1.68,...,...,...
2016-01-18 11:00:00,11,1014.3,1017.5,16.6,10.1,65,5.6,360,14.9,10,0.0,0.0,1.0,1.29,15.0,...,1.0
2016-01-18 12:00:00,12,1013.4,1016.6,16.2,10.2,68,10.3,350,17.2,10,0.0,0.0,1.0,2.40,...,...,...
2016-01-18 13:00:00,13,1012.7,1015.9,16.3,9.9,66,10.9,350,18.1,350,0.0,0.0,1.0,2.40,...,...,...
2016-01-18 14:00:00,14,1012.2,1015.4,16.6,10.2,66,10.7,360,18.1,350,0.0,0.0,1.0,2.40,15.0,...,1.0
2016-01-18 15:00:00,15,1012.0,1015.2,16.8,10.3,65,10.3,350,17.2,350,0.0,0.0,1.0,1.80,...,...,...
2016-01-18 16:00:00,16,1012.6,1015.8,16.2,10.6,69,10.0,360,17.5,10,0.0,0.0,1.0,1.12,...,...,...
2016-01-18 17:00:00,17,1013.2,1016.4,15.8,10.6,71,7.7,360,16.8,360,0.0,0.0,0.9,0.42,12.0,...,1.0
2016-01-18 18:00:00,18,1013.8,1017.0,15.5,10.0,70,7.1,360,14.8,10,0.0,0.0,0.0,0.00,...,...,...
2016-01-18 19:00:00,19,1014.4,1017.6,14.9,9.0,68,6.4,360,13.4,10,0.0,0.0,0.0,0.00,...,...,...
2016-01-18 20:00:00,20,1015.2,1018.4,14.5,8.7,68,5.1,360,12.0,30,0.0,0.0,...,0.00,12.0,...,1.0
2016-01-18 21:00:00,21,1015.5,1018.7,14.4,8.9,70,5.7,360,11.8,10,0.0,0.0,...,0.00,12.0,...,3.0
2016-01-18 22:00:00,22,1015.7,1018.9,14.2,9.2,72,4.3,10,11.3,20,0.0,0.0,...,0.00,...,...,...
2016-01-18 23:00:00,23,1015.9,1019.1,14.2,9.4,73,3.4,10,8.0,30,0.0,0.0,...,0.00,...,...,...
2016-01-19 00:00:00,24,1016.0,1019.2,14.1,9.6,74,2.7,30,6.5,20,0.0,0.0,...,0.00,...,...,...
2016-01-19 01:00:00,01,1015.8,1019.0,14.5,9.7,73,3.7,360,7.3,360,0.0,0.0,...,0.00,...,...,...
2016-01-19 02:00:00,02,1015.6,1018.8,14.3,9.8,74,2.9,10,6.6,20,0.0,0.0,...,0.00,...,...,...
2016-01-19 03:00:00,03,1015.4,1018.6,14.4,9.9,74,3.4,10,6.1,10,0.0,0.0,...,0.00,...,...,...
2016-01-19 04:00:00,04,1015.5,1018.7,14.6,10.2,75,4.0,360,8.6,10,0.0,0.0,...,0.00,...,...,...
2016-01-19 05:00:00,05,1015.7,1018.9,13.9,10.6,80,3.5,10,7.8,50,0.2,0.6,...,0.00,...,...,...
2016-01-19 06:00:00,06,1016.7,1019.9,13.8,10.6,81,3.3,10,8.4,360,0.0,0.0,0.0,0.00,...,...,...
2016-01-19 07:00:00,07,1017.6,1020.8,14.0,10.7,80,3.3,10,8.1,10,0.0,0.0,0.0,0.00,...,...,...
2016-01-19 08:00:00,08,1018.5,1021.7,14.2,10.7,79,4.2,360,8.2,10,0.0,0.0,0.0,0.02,6.0,...,8.0
2016-01-19 09:00:00,09,1019.4,1022.6,14.8,10.9,77,4.9,10,10.2,10,0.0,0.0,0.0,0.58,6.0,...,9.0
2016-01-19 10:00:00,10,1019.6,1022.8,15.7,11.4,76,5.8,350,11.4,360,0.0,0.0,0.0,0.85,...,...,...
2016-01-19 11:00:00,11,1019.1,1022.3,16.6,11.7,73,7.6,350,12.4,20,0.0,0.0,0.3,1.39,7.0,...,8.0
2016-01-19 12:00:00,12,1018.2,1021.4,16.8,11.7,72,7.8,360,14.8,30,0.0,0.0,0.5,2.09,...,...,...
2016-01-19 13:00:00,13,1017.4,1020.6,17.7,12.0,69,7.7,360,14.5,350,0.0,0.0,0.8,2.56,...,...,...
2016-01-19 14:00:00,14,1016.7,1019.9,17.0,11.7,71,9.2,350,16.1,350,0.0,0.0,0.7,2.03,10.0,...,8.0
2016-01-19 15:00:00,15,1016.6,1019.8,16.2,11.9,76,8.3,360,20.3,360,0.0,0.0,0.6,1.55,...,...,...
2016-01-19 16:00:00,16,1016.6,1019.8,15.8,11.3,75,9.1,360,16.8,360,0.0,0.0,0.5,0.98,...,...,...
2016-01-19 17:00:00,17,1016.9,1020.1,14.8,11.1,78,7.5,350,15.1,360,0.0,0.0,0.2,0.31,6.0,...,8.0
2016-01-19 18:00:00,18,1017.4,1020.6,14.4,10.6,78,6.5,350,12.9,360,0.0,0.0,0.0,0.00,...,...,...
2016-01-19 19:00:00,19,1018.2,1021.4,14.2,10.4,78,6.3,360,12.5,20,0.0,0.0,0.0,0.00,...,...,...
2016-01-19 20:00:00,20,1018.8,1022.0,13.8,9.9,77,5.7,360,12.5,360,0.0,0.0,...,0.00,10.0,...,8.0
2016-01-19 21:00:00,21,1019.5,1022.7,13.9,10.0,77,5.5,350,11.0,360,0.0,0.0,...,0.00,10.0,...,8.0
2016-01-19 22:00:00,22,1020.0,1023.2,14.0,10.1,77,4.7,10,10.2,10,0.0,0.0,...,0.00,...,...,...
2016-01-19 23:00:00,23,1020.0,1023.2,14.0,10.1,77,5.2,360,10.7,20,0.0,0.0,...,0.00,...,...,...
2016-01-20 00:00:00,24,1019.9,1023.1,14.2,10.3,77,5.8,360,10.6,360,0.0,0.0,...,0.00,...,...,...
2016-01-20 01:00:00,01,1019.6,1022.8,14.1,10.5,79,5.6,360,11.4,360,0.0,0.0,...,0.00,...,...,...
2016-01-20 02:00:00,02,1019.1,1022.3,13.9,10.5,80,5.2,360,12.2,30,0.0,0.0,...,0.00,...,...,...
2016-01-20 03:00:00,03,1019.1,1022.3,13.8,10.6,81,7.0,360,14.7,30,0.0,0.0,...,0.00,...,...,...
2016-01-20 04:00:00,04,1018.6,1021.8,13.5,10.5,82,5.6,360,14.3,360,0.0,0.0,...,0.00,...,...,...
2016-01-20 05:00:00,05,1019.1,1022.3,13.5,10.3,81,7.6,360,13.8,10,0.0,0.0,...,0.00,...,...,...
2016-01-20 06:00:00,06,1019.1,1022.3,13.3,9.9,80,6.6,360,13.4,360,0.0,0.0,0.0,0.00,...,...,...
2016-01-20 07:00:00,07,1019.6,1022.8,13.5,9.9,79,6.1,10,13.7,30,0.0,0.0,0.0,0.00,...,...,...
2016-01-20 08:00:00,08,1019.1,1022.3,13.4,10.3,81,6.0,10,13.1,360,0.0,0.0,0.0,0.03,10.0,...,9.0
2016-01-20 09:00:00,09,1020.0,1023.2,14.4,10.4,77,6.1,10,12.4,30,0.0,0.0,0.4,0.73,10.0,...,6.0
2016-01-20 10:00:00,10,1021.1,1024.3,15.4,11.1,76,6.5,350,13.2,360,0.0,0.0,0.3,1.20,...,...,...
2016-01-20 11:00:00,11,1019.5,1022.7,16.5,11.6,73,6.8,20,15.8,350,0.0,0.0,0.6,1.50,15.0,...,8.0
2016-01-20 12:00:00,12,1018.4,1021.6,16.9,12.2,74,6.3,10,15.7,360,0.0,0.0,0.1,1.62,...,...,...
2016-01-20 13:00:00,13,1017.1,1020.3,17.2,12.7,75,8.3,350,14.4,360,0.0,0.0,0.0,1.24,...,...,...
2016-01-20 14:00:00,14,1016.5,1019.7,17.2,12.8,75,7.8,350,12.3,360,0.0,0.0,0.0,1.15,12.0,...,9.0
2016-01-20 15:00:00,15,1015.6,1018.8,17.2,13.0,76,6.5,360,14.2,360,0.0,0.0,0.2,1.08,...,...,...
2016-01-20 16:00:00,16,1015.2,1018.4,17.2,13.2,77,8.3,350,15.2,360,0.0,0.0,0.5,0.97,...,...,...
2016-01-20 17:00:00,17,1014.7,1017.9,16.4,12.8,79,5.5,360,15.1,30,0.0,0.0,0.1,0.25,15.0,...,9.0
2016-01-20 18:00:00,18,1015.8,1019.0,16.5,13.4,82,6.8,360,12.0,10,0.0,0.0,0.0,0.00,...,...,...
2016-01-20 19:00:00,19,1017.0,1020.2,16.6,13.7,83,4.4,360,10.7,360,0.0,0.0,0.0,0.00,...,...,...
2016-01-20 20:00:00,20,1017.5,1020.7,16.4,13.9,85,2.5,30,6.1,10,T,0.2,...,0.00,10.0,...,10.0
2016-01-20 21:00:00,21,1017.5,1020.7,16.4,13.8,85,1.7,50,3.4,40,T,0.6,...,0.00,10.0,...,10.0
2016-01-20 22:00:00,22,1017.3,1020.5,16.3,13.8,85,2.4,10,4.4,20,T,0.4,...,0.00,...,...,...
2016-01-20 23:00:00,23,1017.2,1020.4,16.3,13.9,86,1.5,10,4.1,360,0.0,0.0,...,0.00,...,...,...
2016-01-21 00:00:00,24,1016.5,1019.7,16.4,13.9,85,1.6,40,3.1,50,0.0,0.0,...,0.00,...,...,...
2016-01-21 01:00:00,01,1015.4,1018.6,16.5,14.0,85,1.6,340,4.1,60,0.0,0.0,...,0.00,...,...,...
2016-01-21 02:00:00,02,1014.5,1017.7,16.5,14.1,86,2.1,340,3.7,360,0.0,0.0,...,0.00,...,...,...
2016-01-21 03:00:00,03,1014.3,1017.5,16.8,14.4,86,3.8,360,6.0,350,0.0,0.0,...,0.00,...,...,...
2016-01-21 04:00:00,04,1014.6,1017.8,16.4,14.4,88,2.4,30,7.0,360,0.0,0.0,...,0.00,...,...,...
2016-01-21 05:00:00,05,1014.5,1017.7,16.3,14.3,88,2.9,350,5.4,10,0.0,0.0,...,0.00,...,...,...
2016-01-21 06:00:00,06,1015.3,1018.5,16.6,15.1,91,7.0,350,10.7,350,0.0,0.0,0.0,0.00,...,...,...
2016-01-21 07:00:00,07,1015.5,1018.7,16.1,14.7,91,5.8,360,12.3,350,0.0,0.0,0.0,0.00,...,...,...
2016-01-21 08:00:00,08,1016.0,1019.2,15.8,14.6,93,5.8,360,10.9,30,0.0,0.0,0.0,0.00,8.0,...,10.0
2016-01-21 09:00:00,09,1016.3,1019.5,15.5,14.2,92,7.0,10,13.4,350,T,0.5,0.0,0.00,6.0,...,10.0
2016-01-21 10:00:00,10,1016.6,1019.8,15.8,14.7,93,4.4,360,12.3,30,2.5,1.0,0.0,0.32,...,...,...
2016-01-21 11:00:00,11,1017.0,1020.2,15.6,14.1,91,6.7,350,13.0,20,0.5,0.5,0.0,0.16,10.0,...,10.0
2016-01-21 12:00:00,12,1016.0,1019.2,15.5,14.2,92,6.0,360,13.8,350,1.5,0.2,0.0,0.39,...,...,...
2016-01-21 13:00:00,13,1014.9,1018.1,16.7,14.7,88,5.2,350,11.7,30,0.0,0.0,0.1,1.37,...,...,...
2016-01-21 14:00:00,14,1013.5,1016.7,17.8,15.0,84,5.9,350,10.3,360,0.0,0.0,0.4,1.65,15.0,...,4.0
2016-01-21 15:00:00,15,1012.7,1015.9,18.1,15.1,83,6.1,350,10.1,360,0.0,0.0,0.6,1.73,...,...,...
2016-01-21 16:00:00,16,1012.5,1015.7,17.7,14.7,83,8.1,350,13.4,350,0.0,0.0,0.4,1.04,...,...,...
2016-01-21 17:00:00,17,1013.2,1016.4,17.0,14.1,83,7.2,350,13.6,10,0.0,0.0,0.2,0.47,15.0,...,10.0
2016-01-21 18:00:00,18,1013.3,1016.5,15.9,13.9,88,6.3,360,14.1,360,0.0,0.0,0.0,0.00,...,...,...
2016-01-21 19:00:00,19,1014.6,1017.8,15.9,13.3,85,7.6,350,15.3,10,0.0,0.0,0.0,0.00,...,...,...
2016-01-21 20:00:00,20,1015.2,1018.4,15.8,13.1,84,6.9,350,16.3,340,0.0,0.0,...,0.00,20.0,...,10.0
2016-01-21 21:00:00,21,1015.5,1018.7,15.5,12.8,84,7.5,360,17.4,10,0.0,0.0,...,0.00,20.0,...,10.0
2016-01-21 22:00:00,22,1015.5,1018.7,15.2,12.8,86,6.8,10,15.2,20,0.0,0.0,...,0.00,...,...,...
2016-01-21 23:00:00,23,1015.4,1018.6,15.3,12.9,86,6.8,360,15.0,360,0.0,0.0,...,0.00,...,...,...
2016-01-22 00:00:00,24,1015.3,1018.5,15.2,12.8,86,6.2,360,12.7,10,0.0,0.0,...,0.00,...,...,...
2016-01-22 01:00:00,01,1014.6,1017.8,15.0,12.7,86,5.4,360,12.1,20,0.0,0.0,...,0.00,...,...,...
2016-01-22 02:00:00,02,1014.7,1017.9,15.3,12.8,85,6.7,360,13.9,30,0.0,0.0,...,0.00,...,...,...
2016-01-22 03:00:00,03,1014.4,1017.6,15.5,12.8,84,7.1,360,16.3,350,0.0,0.0,...,0.00,...,...,...
2016-01-22 04:00:00,04,1014.3,1017.5,15.3,12.5,83,6.9,10,16.5,350,0.0,0.0,...,0.00,...,...,...
2016-01-22 05:00:00,05,1014.5,1017.7,15.0,12.7,86,5.3,360,12.2,20,0.0,0.0,...,0.00,...,...,...
2016-01-22 06:00:00,06,1014.8,1018.0,14.8,12.5,86,6.1,360,13.9,350,0.0,0.0,0.0,0.00,...,...,...
2016-01-22 07:00:00,07,1014.8,1018.0,14.8,12.2,84,7.4,360,15.2,30,0.0,0.0,0.0,0.00,...,...,...
2016-01-22 08:00:00,08,1015.5,1018.7,14.9,12.1,83,8.6,360,16.0,30,0.0,0.0,0.0,0.05,20.0,...,8.0
2016-01-22 09:00:00,09,1016.4,1019.6,15.3,12.2,82,5.1,360,16.0,20,0.0,0.0,0.0,0.60,20.0,...,9.0
2016-01-22 10:00:00,10,1016.3,1019.5,16.0,12.4,79,4.0,360,10.5,360,0.0,0.0,0.1,0.64,...,...,...
2016-01-22 11:00:00,11,1015.4,1018.6,16.9,13.0,78,2.6,30,8.8,340,0.0,0.0,0.0,0.81,20.0,...,8.0
2016-01-22 12:00:00,12,1014.0,1017.2,17.2,13.2,77,4.3,350,6.6,340,0.0,0.0,0.6,1.84,...,...,...
2016-01-22 13:00:00,13,1013.4,1016.6,16.6,13.2,80,4.3,360,8.4,340,0.0,0.0,0.0,0.40,...,...,...
2016-01-22 14:00:00,14,1012.7,1015.9,17.0,13.3,79,4.6,350,11.4,360,0.0,0.0,0.0,0.78,18.0,...,10.0
2016-01-22 15:00:00,15,1012.3,1015.5,16.9,13.2,79,4.2,360,9.4,30,0.0,0.0,0.0,0.34,...,...,...
2016-01-22 16:00:00,16,1012.5,1015.7,17.0,13.3,79,4.1,360,10.1,20,0.0,0.0,0.0,0.45,...,...,...
2016-01-22 17:00:00,17,1013.1,1016.3,16.7,13.6,82,4.8,360,9.2,10,0.0,0.0,0.0,0.00,15.0,...,10.0
2016-01-22 18:00:00,18,1013.1,1016.3,16.2,13.8,86,5.1,360,10.2,20,0.0,0.0,0.0,0.00,...,...,...
2016-01-22 19:00:00,19,1014.2,1017.4,15.7,14.5,93,4.5,360,10.4,360,4.0,0.9,0.0,0.00,...,...,...
2016-01-22 20:00:00,20,1015.3,1018.5,15.4,13.9,91,8.7,350,16.8,20,0.5,1.0,...,0.00,12.0,...,10.0
2016-01-22 21:00:00,21,1016.4,1019.6,15.2,13.8,91,8.4,350,16.4,360,1.5,1.0,...,0.00,12.0,...,10.0
2016-01-22 22:00:00,22,1016.7,1019.9,15.1,13.8,92,8.7,360,17.4,350,1.0,0.5,...,0.00,...,...,...
2016-01-22 23:00:00,23,1016.7,1019.9,15.2,13.5,90,7.1,360,16.2,30,T,0.4,...,0.00,...,...,...
2016-01-23 00:00:00,24,1017.1,1020.3,14.8,13.2,90,11.2,350,17.9,360,0.5,1.0,...,0.00,...,...,...
2016-01-23 01:00:00,01,1017.4,1020.6,14.2,12.7,91,11.3,350,22.3,340,1.5,1.0,...,0.00,...,...,...
2016-01-23 02:00:00,02,1017.3,1020.5,13.0,11.4,90,12.0,360,22.9,350,3.5,1.0,...,0.00,...,...,...
2016-01-23 03:00:00,03,1017.8,1021.0,13.0,10.9,87,10.6,360,21.3,10,T,0.5,...,0.00,...,...,...
2016-01-23 04:00:00,04,1017.6,1020.9,12.4,10.5,88,9.1,360,20.8,10,T,0.9,...,0.00,...,...,...
2016-01-23 05:00:00,05,1017.8,1021.1,12.1,9.7,85,11.9,360,26.1,20,T,0.5,...,0.00,...,...,...
2016-01-23 06:00:00,06,1017.5,1020.8,11.6,8.3,80,11.4,10,26.4,360,0.0,0.0,0.0,0.00,...,...,...
2016-01-23 07:00:00,07,1018.5,1021.8,11.4,8.5,82,14.1,350,28.1,360,0.0,0.0,0.0,0.00,...,...,...
2016-01-23 08:00:00,08,1019.5,1022.8,11.5,8.3,81,12.7,360,28.8,20,T,0.3,0.0,0.00,12.0,...,10.0
2016-01-23 09:00:00,09,1020.4,1023.7,11.0,8.3,83,13.0,360,29.5,360,0.5,1.0,0.0,0.00,12.0,...,10.0
2016-01-23 10:00:00,10,1020.7,1024.0,11.3,8.3,82,13.4,360,30.2,350,T,0.7,0.0,0.19,...,...,...
2016-01-23 11:00:00,11,1020.7,1024.0,10.8,8.0,83,13.4,360,30.1,10,0.5,0.9,0.0,0.41,10.0,...,10.0
2016-01-23 12:00:00,12,1020.0,1023.3,11.3,7.5,77,12.0,360,26.5,360,T,1.0,0.0,0.60,...,...,...
2016-01-23 13:00:00,13,1020.2,1023.5,11.1,7.6,79,12.4,360,31.9,20,0.5,1.0,0.0,0.64,...,...,...
2016-01-23 14:00:00,14,1019.8,1023.1,10.2,7.4,83,11.8,360,26.2,30,0.5,1.0,0.0,0.60,10.0,...,10.0
2016-01-23 15:00:00,15,1019.6,1022.9,9.7,7.0,83,11.4,360,26.6,10,1.0,1.0,0.0,0.60,...,...,...
2016-01-23 16:00:00,16,1020.1,1023.4,9.7,6.1,78,13.4,360,28.3,40,T,0.7,0.0,0.07,...,...,...
2016-01-23 17:00:00,17,1020.8,1024.1,9.3,5.6,78,11.5,360,27.1,40,0.0,0.0,0.0,0.00,8.0,...,10.0
2016-01-23 18:00:00,18,1022.8,1026.1,9.2,5.6,78,13.7,360,25.3,10,T,0.4,0.0,0.00,...,...,...
2016-01-23 19:00:00,19,1022.9,1026.2,9.3,4.9,74,11.2,360,28.3,20,0.5,0.8,0.0,0.00,...,...,...
2016-01-23 20:00:00,20,1023.3,1026.6,9.0,4.8,75,11.4,360,26.4,20,0.0,0.0,...,0.00,10.0,...,10.0
2016-01-23 21:00:00,21,1023.3,1026.6,9.1,4.8,74,11.2,360,24.4,10,0.0,0.0,...,0.00,12.0,...,10.0
2016-01-23 22:00:00,22,1024.2,1027.5,9.1,4.0,70,10.5,360,22.9,20,0.0,0.0,...,0.00,...,...,...
2016-01-23 23:00:00,23,1025.3,1028.6,7.6,4.0,78,10.7,10,24.4,30,T,0.5,...,0.00,...,...,...
2016-01-24 00:00:00,24,1024.8,1028.1,7.1,3.8,80,11.3,360,24.5,20,0.5,1.0,...,0.00,...,...,...
2016-01-24 01:00:00,01,1025.9,1029.2,7.0,3.5,78,10.8,360,23.5,20,T,1.0,...,0.00,...,...,...
2016-01-24 02:00:00,02,1025.9,1029.3,6.5,2.8,77,10.9,10,26.0,30,T,0.8,...,0.00,...,...,...
2016-01-24 03:00:00,03,1026.2,1029.6,5.5,2.9,83,10.6,360,27.2,40,0.5,0.9,...,0.00,...,...,...
2016-01-24 04:00:00,04,1025.7,1029.1,5.0,2.6,84,10.8,360,27.3,20,0.5,1.0,...,0.00,...,...,...
2016-01-24 05:00:00,05,1026.7,1030.1,4.5,2.2,85,10.3,360,25.7,20,0.5,1.0,...,0.00,...,...,...
2016-01-24 06:00:00,06,1028.3,1031.7,4.6,2.1,84,10.9,360,22.0,30,T,0.8,0.0,0.00,...,...,...
2016-01-24 07:00:00,07,1028.6,1032.0,4.5,1.8,83,9.4,10,21.0,40,0.5,1.0,0.0,0.00,...,...,...
2016-01-24 08:00:00,08,1029.5,1032.9,4.4,2.3,86,8.3,360,18.1,30,1.0,1.0,0.0,0.00,10.0,...,10.0
2016-01-24 09:00:00,09,1030.1,1033.5,4.8,1.6,80,7.8,10,17.6,30,T,1.0,0.0,0.00,10.0,...,10.0
2016-01-24 10:00:00,10,1029.9,1033.3,5.6,0.1,68,10.0,10,20.5,10,T,0.3,0.0,0.19,...,...,...
2016-01-24 11:00:00,11,1030.4,1033.8,5.9,-0.6,63,9.2,360,20.6,360,0.0,0.0,0.0,0.17,10.0,...,10.0
2016-01-24 12:00:00,12,1030.1,1033.5,5.6,-1.2,62,9.2,10,20.2,10,0.0,0.0,0.0,0.27,...,...,...
2016-01-24 13:00:00,13,1029.7,1033.1,5.3,-2.0,59,8.6,10,20.5,350,0.0,0.0,0.0,0.35,...,...,...
2016-01-24 14:00:00,14,1029.2,1032.6,5.1,-1.5,62,7.7,10,16.6,30,0.0,0.0,0.0,0.00,12.0,...,10.0
2016-01-24 15:00:00,15,1029.7,1033.1,5.1,-1.3,63,7.1,20,17.4,20,0.0,0.0,0.0,0.00,...,...,...
2016-01-24 16:00:00,16,1029.7,1033.1,4.9,-2.2,60,8.6,20,18.3,20,0.0,0.0,0.0,0.00,...,...,...
2016-01-24 17:00:00,17,1030.3,1033.7,4.8,-2.4,60,7.8,10,19.5,40,0.0,0.0,0.0,0.00,12.0,...,10.0
2016-01-24 18:00:00,18,1030.4,1033.8,4.6,-2.4,60,8.8,360,16.9,20,0.0,0.0,0.0,0.00,...,...,...
2016-01-24 19:00:00,19,1030.9,1034.3,4.8,-2.5,59,8.1,10,18.7,10,0.0,0.0,0.0,0.00,...,...,...
2016-01-24 20:00:00,20,1031.4,1034.8,4.7,-1.3,65,6.9,10,18.0,30,0.0,0.0,...,0.00,10.0,...,10.0
2016-01-24 21:00:00,21,1031.2,1034.6,4.9,-1.7,62,7.1,10,17.4,20,0.0,0.0,...,0.00,10.0,...,10.0
2016-01-24 22:00:00,22,1031.2,1034.6,5.2,-1.9,60,7.5,360,16.3,350,0.0,0.0,...,0.00,...,...,...
2016-01-24 23:00:00,23,1030.8,1034.2,5.4,-1.6,61,8.6,360,17.5,350,0.0,0.0,...,0.00,...,...,...
2016-01-25 00:00:00,24,1029.9,1033.3,5.6,-1.1,62,8.4,10,18.0,40,0.0,0.0,...,0.00,...,...,...
2016-01-25 01:00:00,01,1029.6,1033.0,5.8,-1.3,60,8.4,360,18.0,360,0.0,0.0,...,0.00,...,...,...
2016-01-25 02:00:00,02,1029.1,1032.5,5.6,-1.1,62,7.5,10,19.2,20,0.0,0.0,...,0.00,...,...,...
2016-01-25 03:00:00,03,1028.7,1032.1,5.2,-0.9,65,7.1,360,18.0,30,0.0,0.0,...,0.00,...,...,...
2016-01-25 04:00:00,04,1029.2,1032.6,4.9,-1.3,64,8.6,10,19.6,10,0.0,0.0,...,0.00,...,...,...
2016-01-25 05:00:00,05,1028.6,1032.0,4.7,-1.6,64,7.6,10,16.6,20,0.0,0.0,...,0.00,...,...,...
2016-01-25 06:00:00,06,1028.5,1031.9,4.8,-2.5,59,9.2,10,19.4,10,0.0,0.0,0.0,0.00,...,...,...
2016-01-25 07:00:00,07,1029.5,1032.9,5.0,-1.8,61,7.9,360,19.4,10,0.0,0.0,0.0,0.00,...,...,...
2016-01-25 08:00:00,08,1029.6,1033.0,5.7,-1.0,62,8.9,10,17.3,20,0.0,0.0,0.9,0.32,30.0,...,0.0
2016-01-25 09:00:00,09,1029.9,1033.3,6.8,0.2,63,7.9,360,17.1,340,0.0,0.0,1.0,0.98,30.0,...,0.0
2016-01-25 10:00:00,10,1029.9,1033.2,8.2,0.2,57,7.7,10,18.3,30,0.0,0.0,1.0,1.77,...,...,...
2016-01-25 11:00:00,11,1029.2,1032.5,9.0,0.5,55,8.7,360,17.1,350,0.0,0.0,1.0,1.48,30.0,...,0.0
2016-01-25 12:00:00,12,1028.3,1031.6,10.0,1.0,54,8.2,10,17.5,360,0.0,0.0,1.0,2.82,...,...,...
2016-01-25 13:00:00,13,1026.8,1030.1,11.1,1.8,53,8.9,360,14.9,20,0.0,0.0,1.0,3.00,...,...,...
2016-01-25 14:00:00,14,1025.7,1029.0,11.1,2.9,57,11.0,350,16.6,350,0.0,0.0,1.0,2.49,30.0,...,0.0
2016-01-25 15:00:00,15,1025.2,1028.5,11.3,3.6,59,10.2,350,18.6,350,0.0,0.0,1.0,2.04,...,...,...
2016-01-25 16:00:00,16,1025.3,1028.6,10.9,3.9,62,9.2,360,17.5,360,0.0,0.0,1.0,1.38,...,...,...
2016-01-25 17:00:00,17,1025.7,1029.0,10.1,3.6,64,8.4,360,17.4,10,0.0,0.0,1.0,0.53,30.0,...,0.0
2016-01-25 18:00:00,18,1026.0,1029.3,9.0,3.1,66,6.3,360,16.4,20,0.0,0.0,0.3,0.00,...,...,...
2016-01-25 19:00:00,19,1026.3,1029.6,8.3,3.2,70,6.1,360,13.9,20,0.0,0.0,0.0,0.00,...,...,...
2016-01-25 20:00:00,20,1026.5,1029.8,7.9,3.1,72,7.0,360,14.7,360,0.0,0.0,...,0.00,20.0,...,0.0
2016-01-25 21:00:00,21,1027.0,1030.3,7.9,2.9,71,6.5,360,14.7,20,0.0,0.0,...,0.00,20.0,...,0.0
2016-01-25 22:00:00,22,1027.0,1030.3,7.9,3.0,71,6.2,10,13.9,20,0.0,0.0,...,0.00,...,...,...
2016-01-25 23:00:00,23,1027.1,1030.4,7.7,3.3,74,5.4,10,12.9,20,0.0,0.0,...,0.00,...,...,...
2016-01-26 00:00:00,24,1026.5,1029.8,7.6,3.5,75,4.7,10,10.9,20,0.0,0.0,...,0.00,...,...,...
2016-01-26 01:00:00,01,1026.0,1029.3,7.0,3.6,79,3.7,10,9.7,20,0.0,0.0,...,0.00,...,...,...
2016-01-26 02:00:00,02,1025.0,1028.3,6.9,3.6,79,4.4,20,9.0,30,0.0,0.0,...,0.00,...,...,...
2016-01-26 03:00:00,03,1024.9,1028.2,6.9,3.6,79,3.3,360,8.1,20,0.0,0.0,...,0.00,...,...,...
2016-01-26 04:00:00,04,1025.3,1028.6,7.0,3.7,79,3.1,30,7.9,20,0.0,0.0,...,0.00,...,...,...
2016-01-26 05:00:00,05,1025.3,1028.6,7.3,3.6,77,3.3,40,7.1,30,0.0,0.0,...,0.00,...,...,...
2016-01-26 06:00:00,06,1025.6,1028.9,7.7,3.7,76,2.6,10,7.3,50,0.0,0.0,0.0,0.00,...,...,...
2016-01-26 07:00:00,07,1025.9,1029.2,7.1,4.0,81,2.4,10,5.4,10,0.0,0.0,0.0,0.00,...,...,...
2016-01-26 08:00:00,08,1025.3,1028.6,8.4,4.5,76,2.9,360,6.8,10,0.0,0.0,0.6,0.36,30.0,...,6.0
2016-01-26 09:00:00,09,1026.1,1029.4,11.3,6.4,72,4.3,360,8.2,20,0.0,0.0,0.9,1.14,30.0,...,2.0
2016-01-26 10:00:00,10,1025.9,1029.2,13.0,7.3,68,5.9,360,9.7,360,0.0,0.0,1.0,1.71,...,...,...
2016-01-26 11:00:00,11,1025.0,1028.3,14.8,7.6,62,4.7,350,10.3,360,0.0,0.0,1.0,1.46,30.0,...,0.0
2016-01-26 12:00:00,12,1024.1,1027.3,15.9,8.5,61,5.5,350,9.6,360,0.0,0.0,1.0,2.70,...,...,...
2016-01-26 13:00:00,13,1022.7,1025.9,16.7,8.1,57,6.1,340,9.4,360,0.0,0.0,1.0,2.72,...,...,...
2016-01-26 14:00:00,14,1021.6,1024.8,17.2,10.0,63,6.8,350,11.6,350,0.0,0.0,1.0,2.36,25.0,...,5.0
2016-01-26 15:00:00,15,1021.1,1024.3,17.2,11.5,69,7.2,350,11.8,360,0.0,0.0,0.6,1.73,...,...,...
2016-01-26 16:00:00,16,1021.4,1024.6,17.2,11.2,68,7.5,340,12.3,350,0.0,0.0,1.0,1.50,...,...,...
2016-01-26 17:00:00,17,1021.4,1024.6,16.7,11.3,70,7.3,350,12.6,350,0.0,0.0,0.9,0.52,25.0,...,3.0
2016-01-26 18:00:00,18,1021.2,1024.4,15.8,11.6,76,5.3,360,11.2,20,0.0,0.0,0.1,0.00,...,...,...
2016-01-26 19:00:00,19,1021.9,1025.1,15.7,11.8,78,3.8,10,9.9,10,0.0,0.0,0.0,0.00,...,...,...
2016-01-26 20:00:00,20,1020.8,1024.0,15.5,11.9,79,3.4,10,8.3,10,0.0,0.0,...,0.00,20.0,...,5.0
2016-01-26 21:00:00,21,1021.8,1025.0,15.4,12.0,80,2.5,360,6.0,10,0.0,0.0,...,0.00,20.0,...,7.0
2016-01-26 22:00:00,22,1022.5,1025.7,15.9,12.5,80,2.5,10,5.5,350,0.0,0.0,...,0.00,...,...,...
2016-01-26 23:00:00,23,1022.8,1026.0,15.6,12.2,80,2.6,20,4.9,360,0.0,0.0,...,0.00,...,...,...
2016-01-27 00:00:00,24,1022.6,1025.8,15.4,11.8,79,1.9,40,4.0,50,0.0,0.0,...,0.00,...,...,...
2016-01-27 01:00:00,01,1022.6,1025.8,15.0,11.7,81,2.0,20,3.2,60,0.0,0.0,...,0.00,...,...,...
2016-01-27 02:00:00,02,1021.8,1025.0,14.5,11.4,82,2.3,360,3.1,350,0.0,0.0,...,0.00,...,...,...
2016-01-27 03:00:00,03,1020.7,1023.9,15.0,11.3,79,2.1,340,3.6,320,0.0,0.0,...,0.00,...,...,...
2016-01-27 04:00:00,04,1020.1,1023.3,15.1,13.1,88,3.6,350,6.5,10,0.0,0.0,...,0.00,...,...,...
2016-01-27 05:00:00,05,1020.0,1023.2,15.4,14.1,92,6.1,330,8.8,330,0.0,0.0,...,0.00,...,...,...
2016-01-27 06:00:00,06,1020.4,1023.6,15.3,14.0,92,5.2,340,9.9,350,0.0,0.0,0.0,0.00,...,...,...
2016-01-27 07:00:00,07,1021.2,1024.4,15.0,13.7,92,6.1,350,10.0,350,0.0,0.0,0.0,0.00,...,...,...
2016-01-27 08:00:00,08,1021.5,1024.7,15.3,13.9,91,4.3,360,9.4,360,0.0,0.0,0.0,0.00,6.0,...,10.0
2016-01-27 09:00:00,09,1022.0,1025.2,15.9,14.1,89,4.7,350,9.8,10,0.0,0.0,0.0,0.49,8.0,...,10.0
2016-01-27 10:00:00,10,1021.8,1025.0,16.2,14.4,89,5.6,350,9.1,350,T,0.4,0.0,0.60,...,...,...
2016-01-27 11:00:00,11,1021.3,1024.5,16.8,13.7,82,3.9,350,8.6,350,T,0.2,0.0,0.60,10.0,...,10.0
2016-01-27 12:00:00,12,1020.3,1023.5,16.9,14.0,83,5.7,350,8.8,350,T,0.2,0.0,0.84,...,...,...
2016-01-27 13:00:00,13,1019.0,1022.2,18.1,14.8,81,4.7,340,9.3,10,0.0,0.0,0.0,1.65,...,...,...
2016-01-27 14:00:00,14,1018.7,1021.9,18.3,15.7,85,5.2,330,7.8,340,0.0,0.0,0.0,1.38,12.0,...,9.0
2016-01-27 15:00:00,15,1018.6,1021.8,17.6,15.5,87,6.6,330,9.8,310,0.0,0.0,0.0,0.76,...,...,...
2016-01-27 16:00:00,16,1019.7,1022.9,16.4,14.5,89,6.2,330,10.2,350,0.0,0.0,0.0,0.36,...,...,...
2016-01-27 17:00:00,17,1020.3,1023.5,16.4,14.6,89,4.6,340,9.1,350,0.0,0.0,0.0,0.00,8.0,...,10.0
2016-01-27 18:00:00,18,1020.3,1023.5,15.9,14.2,90,4.6,360,8.5,350,0.0,0.0,0.0,0.00,...,...,...
2016-01-27 19:00:00,19,1019.6,1022.8,15.7,14.4,92,4.3,360,8.3,350,0.0,0.0,0.0,0.00,...,...,...
2016-01-27 20:00:00,20,1019.8,1023.0,15.8,14.4,91,3.2,360,7.3,350,0.0,0.0,...,0.00,6.0,...,10.0
2016-01-27 21:00:00,21,1019.8,1023.0,15.7,14.5,93,2.2,10,7.3,20,0.0,0.0,...,0.00,6.0,...,9.0
2016-01-27 22:00:00,22,1020.1,1023.3,15.6,14.5,93,2.3,360,3.7,20,0.0,0.0,...,0.00,...,...,...
2016-01-27 23:00:00,23,1020.1,1023.3,16.0,14.9,93,2.6,360,5.7,360,0.0,0.0,...,0.00,...,...,...
2016-01-28 00:00:00,24,1020.0,1023.2,15.7,14.7,94,4.0,350,5.6,350,0.0,0.0,...,0.00,...,...,...
2016-01-28 01:00:00,01,1019.9,1023.1,15.4,14.6,95,1.6,20,4.3,20,0.0,0.0,...,0.00,...,...,...
2016-01-28 02:00:00,02,1018.9,1022.1,15.4,14.5,94,1.7,340,3.7,30,0.0,0.0,...,0.00,...,...,...
2016-01-28 03:00:00,03,1018.1,1021.3,15.6,14.7,94,1.7,360,3.4,350,0.0,0.0,...,0.00,...,...,...
2016-01-28 04:00:00,04,1017.7,1020.9,15.6,14.7,94,1.9,40,2.9,330,T,0.7,...,0.00,...,...,...
2016-01-28 05:00:00,05,1017.3,1020.5,15.3,14.6,96,2.0,30,3.8,30,T,0.8,...,0.00,...,...,...
2016-01-28 06:00:00,06,1017.8,1021.0,15.4,14.6,95,1.9,360,3.4,30,0.0,0.0,0.0,0.00,...,...,...
2016-01-28 07:00:00,07,1017.7,1020.9,15.6,14.6,94,2.9,60,5.6,60,T,0.7,0.0,0.00,...,...,...
2016-01-28 08:00:00,08,1017.9,1021.1,16.0,15.1,94,2.0,340,5.5,60,0.7,1.0,0.0,0.00,6.0,...,10.0
2016-01-28 09:00:00,09,1016.9,1020.1,16.2,15.2,94,4.3,340,6.8,340,0.5,1.0,0.0,0.00,5.0,...,10.0
2016-01-28 10:00:00,10,1017.4,1020.6,16.3,15.2,93,3.1,360,6.8,350,T,1.0,0.0,0.13,...,...,...
2016-01-28 11:00:00,11,1016.7,1019.9,16.6,15.7,94,2.8,360,5.2,10,1.5,1.0,0.0,0.31,3.0,...,10.0
2016-01-28 12:00:00,12,1015.7,1018.9,16.7,15.7,94,3.3,350,6.7,360,1.0,1.0,0.0,0.49,...,...,...
2016-01-28 13:00:00,13,1015.1,1018.3,16.9,16.0,94,4.3,350,7.2,340,0.5,1.0,0.0,0.62,...,...,...
2016-01-28 14:00:00,14,1013.5,1016.7,17.0,16.2,95,3.8,10,9.5,20,0.5,0.8,0.0,0.46,5.0,...,10.0
2016-01-28 15:00:00,15,1014.3,1017.5,16.6,15.5,93,7.1,340,11.6,340,0.0,0.0,0.0,0.21,...,...,...
2016-01-28 16:00:00,16,1017.0,1020.2,16.1,14.9,93,8.2,330,12.5,330,T,0.4,0.0,0.00,...,...,...
2016-01-28 17:00:00,17,1017.3,1020.5,15.9,14.9,94,5.6,360,11.1,350,0.5,0.6,0.0,0.00,3.0,...,10.0
2016-01-28 18:00:00,18,1017.8,1021.0,16.0,15.3,96,3.0,360,6.6,350,0.5,1.0,0.0,0.00,...,...,...
2016-01-28 19:00:00,19,1017.6,1020.8,16.1,15.3,95,3.1,10,8.0,20,T,0.8,0.0,0.00,...,...,...
2016-01-28 20:00:00,20,1017.4,1020.6,16.2,15.3,94,2.5,10,4.8,40,0.0,0.0,...,0.00,8.0,...,10.0
2016-01-28 21:00:00,21,1015.8,1019.0,16.5,15.2,92,3.5,10,7.9,40,0.0,0.0,...,0.00,10.0,...,10.0
2016-01-28 22:00:00,22,1015.7,1018.9,16.9,15.1,89,2.5,30,5.7,360,0.0,0.0,...,0.00,...,...,...
2016-01-28 23:00:00,23,1015.4,1018.6,17.3,14.9,86,3.9,360,8.1,40,0.0,0.0,...,0.00,...,...,...
2016-01-29 00:00:00,24,1015.1,1018.3,16.7,15.1,90,1.7,V,6.7,50,1.0,0.9,...,0.00,...,...,...
2016-01-29 01:00:00,01,1014.0,1017.2,16.6,15.3,92,4.6,340,7.2,330,0.5,0.5,...,0.00,...,...,...
2016-01-29 02:00:00,02,1014.3,1017.5,16.7,15.6,93,3.2,360,6.9,330,0.0,0.0,...,0.00,...,...,...
2016-01-29 03:00:00,03,1013.8,1017.0,16.7,15.7,94,3.3,10,7.5,10,0.0,0.0,...,0.00,...,...,...
2016-01-29 04:00:00,04,1013.5,1016.7,16.7,15.7,94,4.8,360,8.5,350,0.0,0.0,...,0.00,...,...,...
2016-01-29 05:00:00,05,1013.6,1016.8,16.6,15.7,94,4.6,350,9.8,10,0.0,0.0,...,0.00,...,...,...
2016-01-29 06:00:00,06,1014.0,1017.2,16.8,15.9,94,5.0,350,10.1,360,0.0,0.0,0.0,0.00,...,...,...
2016-01-29 07:00:00,07,1015.1,1018.3,16.3,15.6,96,7.8,340,12.2,350,0.5,0.5,0.0,0.00,...,...,...
2016-01-29 08:00:00,08,1016.7,1019.9,15.7,14.8,94,10.4,340,16.0,350,2.0,1.0,0.0,0.00,8.0,...,10.0
2016-01-29 09:00:00,09,1016.3,1019.5,16.1,15.3,95,9.3,350,15.5,340,7.0,1.0,0.0,0.00,8.0,...,10.0
2016-01-29 10:00:00,10,1018.0,1021.2,16.5,15.6,94,6.3,350,17.3,360,6.5,1.0,0.0,0.00,...,...,...
2016-01-29 11:00:00,11,1016.4,1019.6,16.5,15.3,93,7.0,30,14.0,40,7.0,1.0,0.0,0.23,8.0,...,10.0
2016-01-29 12:00:00,12,1015.5,1018.7,16.3,15.1,93,3.0,360,10.7,30,3.5,1.0,0.0,0.00,...,...,...
2016-01-29 13:00:00,13,1015.1,1018.3,16.6,15.7,94,4.1,330,6.2,350,4.0,1.0,0.0,0.26,...,...,...
2016-01-29 14:00:00,14,1014.6,1017.8,16.4,15.2,93,3.5,20,8.7,10,2.0,1.0,0.0,0.01,8.0,...,10.0
2016-01-29 15:00:00,15,1013.1,1016.3,16.7,15.8,94,1.6,20,7.3,50,2.0,0.5,0.0,0.22,...,...,...
2016-01-29 16:00:00,16,1014.0,1017.2,16.8,15.8,94,2.4,340,4.9,320,0.0,0.0,0.0,0.17,...,...,...
2016-01-29 17:00:00,17,1014.9,1018.1,16.5,15.4,93,3.4,30,8.1,330,1.5,0.3,0.0,0.00,10.0,...,10.0
2016-01-29 18:00:00,18,1014.1,1017.3,16.9,15.7,93,1.1,80,6.3,50,0.0,0.0,0.0,0.00,...,...,...
2016-01-29 19:00:00,19,1014.0,1017.2,16.8,15.7,93,1.5,320,3.5,330,0.0,0.0,0.0,0.00,...,...,...
2016-01-29 20:00:00,20,1014.8,1018.0,16.9,15.7,93,3.4,350,6.8,330,0.0,0.0,...,0.00,15.0,...,10.0
2016-01-29 21:00:00,21,1015.2,1018.4,16.6,15.5,93,3.8,30,8.1,40,0.5,0.3,...,0.00,15.0,...,10.0
2016-01-29 22:00:00,22,1015.7,1018.9,16.6,15.6,94,4.2,360,8.4,360,T,0.7,...,0.00,...,...,...
2016-01-29 23:00:00,23,1015.6,1018.8,16.5,15.7,95,2.3,20,8.1,350,1.5,1.0,...,0.00,...,...,...
2016-01-30 00:00:00,24,1015.5,1018.7,16.4,15.8,96,3.1,360,6.8,40,1.0,1.0,...,0.00,...,...,...
2016-01-30 01:00:00,01,1015.8,1019.0,16.4,15.6,95,2.9,40,8.5,360,1.5,1.0,...,0.00,...,...,...
2016-01-30 02:00:00,02,1015.2,1018.4,16.3,15.6,96,0.7,90,5.5,30,1.5,1.0,...,0.00,...,...,...
2016-01-30 03:00:00,03,1015.1,1018.3,16.6,15.7,94,0.1,0,1.7,140,2.5,1.0,...,0.00,...,...,...
2016-01-30 04:00:00,04,1016.0,1019.2,16.5,15.6,94,2.3,320,3.5,320,3.0,1.0,...,0.00,...,...,...
2016-01-30 05:00:00,05,1015.7,1018.9,16.3,15.7,96,2.1,10,4.3,20,1.5,1.0,...,0.00,...,...,...
2016-01-30 06:00:00,06,1015.8,1019.0,16.2,15.5,96,2.6,10,4.8,40,1.0,1.0,0.0,0.00,...,...,...
2016-01-30 07:00:00,07,1016.6,1019.8,16.1,15.5,96,4.8,360,7.3,360,0.5,0.9,0.0,0.00,...,...,...
2016-01-30 08:00:00,08,1017.1,1020.3,15.8,15.1,96,3.9,10,8.1,40,0.0,0.0,0.0,0.00,5.0,...,10.0
2016-01-30 09:00:00,09,1017.9,1021.1,16.2,15.3,94,4.6,350,7.6,360,0.0,0.0,0.0,0.37,6.0,...,10.0
2016-01-30 10:00:00,10,1017.9,1021.1,16.7,15.2,91,6.1,360,11.8,350,0.0,0.0,0.0,0.82,...,...,...
2016-01-30 11:00:00,11,1018.1,1021.3,16.7,14.6,87,5.8,350,11.1,350,0.0,0.0,0.0,0.84,6.0,...,10.0
2016-01-30 12:00:00,12,1017.9,1021.1,16.7,14.5,87,8.1,350,12.7,350,0.0,0.0,0.0,0.70,...,...,...
2016-01-30 13:00:00,13,1017.3,1020.5,16.5,14.0,85,8.7,360,15.2,10,0.0,0.0,0.0,0.89,...,...,...
2016-01-30 14:00:00,14,1016.6,1019.8,16.4,13.8,85,7.0,360,16.9,350,0.0,0.0,0.0,0.71,12.0,...,10.0
2016-01-30 15:00:00,15,1016.2,1019.4,16.2,13.7,85,8.1,350,15.2,360,0.0,0.0,0.0,0.72,...,...,...
2016-01-30 16:00:00,16,1016.6,1019.8,15.9,13.6,86,7.7,360,14.0,30,0.0,0.0,0.0,0.62,...,...,...
2016-01-30 17:00:00,17,1016.7,1019.9,15.6,13.1,85,6.8,360,13.7,10,0.0,0.0,0.0,0.07,12.0,...,10.0
2016-01-30 18:00:00,18,1017.2,1020.4,15.4,13.2,87,7.2,360,13.5,360,0.0,0.0,0.0,0.00,...,...,...
2016-01-30 19:00:00,19,1017.3,1020.5,15.1,12.8,86,7.4,360,16.5,360,0.0,0.0,0.0,0.00,...,...,...
2016-01-30 20:00:00,20,1017.8,1021.0,15.2,13.0,87,9.1,360,15.2,360,0.0,0.0,...,0.00,10.0,...,10.0
2016-01-30 21:00:00,21,1017.7,1020.9,14.9,12.6,86,8.6,360,17.5,20,0.0,0.0,...,0.00,10.0,...,10.0
2016-01-30 22:00:00,22,1017.7,1020.9,14.9,12.5,86,7.1,360,15.4,20,0.0,0.0,...,0.00,...,...,...
2016-01-30 23:00:00,23,1018.0,1021.2,14.9,12.5,86,6.8,360,15.9,10,0.0,0.0,...,0.00,...,...,...
2016-01-31 00:00:00,24,1018.3,1021.5,15.1,12.4,84,7.0,360,15.9,20,0.0,0.0,...,0.00,...,...,...
